-- phpMyAdmin SQL Dump
-- version 5.2.1
-- https://www.phpmyadmin.net/
--
-- ホスト: 127.0.0.1
-- 生成日時: 2024-01-31 03:27:39
-- サーバのバージョン： 10.4.28-MariaDB
-- PHP のバージョン: 8.2.4

SET SQL_MODE = "NO_AUTO_VALUE_ON_ZERO";
START TRANSACTION;
SET time_zone = "+00:00";


/*!40101 SET @OLD_CHARACTER_SET_CLIENT=@@CHARACTER_SET_CLIENT */;
/*!40101 SET @OLD_CHARACTER_SET_RESULTS=@@CHARACTER_SET_RESULTS */;
/*!40101 SET @OLD_COLLATION_CONNECTION=@@COLLATION_CONNECTION */;
/*!40101 SET NAMES utf8mb4 */;

--
-- データベース: `laravel_nagoyameshi`
--
CREATE DATABASE IF NOT EXISTS `laravel_nagoyameshi` DEFAULT CHARACTER SET utf8mb4 COLLATE utf8mb4_general_ci;
USE `laravel_nagoyameshi`;

-- --------------------------------------------------------

--
-- テーブルの構造 `admins`
--

CREATE TABLE `admins` (
  `id` bigint(20) UNSIGNED NOT NULL,
  `email` varchar(255) NOT NULL,
  `password` varchar(255) NOT NULL,
  `remember_token` varchar(100) DEFAULT NULL,
  `created_at` timestamp NULL DEFAULT NULL,
  `updated_at` timestamp NULL DEFAULT NULL
) ENGINE=InnoDB DEFAULT CHARSET=utf8mb4 COLLATE=utf8mb4_unicode_ci;

--
-- テーブルのデータのダンプ `admins`
--

INSERT INTO `admins` (`id`, `email`, `password`, `remember_token`, `created_at`, `updated_at`) VALUES
(1, 'admin@example.com', '$2y$12$n/sxCGx3KA.l.xAPupP0MOYDsSJWSR68FuL43IBh1tor/B/bXcQaa', NULL, '2023-12-25 10:54:51', '2023-12-25 10:54:51');

-- --------------------------------------------------------

--
-- テーブルの構造 `categories`
--

CREATE TABLE `categories` (
  `id` bigint(20) UNSIGNED NOT NULL,
  `name` varchar(255) NOT NULL,
  `created_at` timestamp NULL DEFAULT NULL,
  `updated_at` timestamp NULL DEFAULT NULL
) ENGINE=InnoDB DEFAULT CHARSET=utf8mb4 COLLATE=utf8mb4_unicode_ci;

--
-- テーブルのデータのダンプ `categories`
--

INSERT INTO `categories` (`id`, `name`, `created_at`, `updated_at`) VALUES
(1, '居酒屋', '2023-12-31 15:00:00', '2023-12-31 15:00:00'),
(2, '焼肉', '2023-12-31 15:00:00', '2023-12-31 15:00:00'),
(3, '寿司', '2023-12-31 15:00:00', '2023-12-31 15:00:00'),
(4, 'ラーメン', '2023-12-31 15:00:00', '2023-12-31 15:00:00'),
(5, '定食', '2023-12-31 15:00:00', '2023-12-31 15:00:00'),
(6, 'カレー', '2023-12-31 15:00:00', '2023-12-31 15:00:00'),
(7, '喫茶店', '2023-12-31 15:00:00', '2023-12-31 15:00:00'),
(8, '中華料理', '2023-12-31 15:00:00', '2023-12-31 15:00:00'),
(9, 'イタリア料理', '2023-12-31 15:00:00', '2023-12-31 15:00:00'),
(10, 'フランス料理', '2023-12-31 15:00:00', '2023-12-31 15:00:00'),
(11, 'スペイン料理', '2023-12-31 15:00:00', '2023-12-31 15:00:00'),
(12, '韓国料理', '2023-12-31 15:00:00', '2023-12-31 15:00:00'),
(13, 'タイ料理', '2023-12-31 15:00:00', '2023-12-31 15:00:00'),
(14, '海鮮料理', '2023-12-31 15:00:00', '2023-12-31 15:00:00'),
(15, 'ステーキ', '2023-12-31 15:00:00', '2023-12-31 15:00:00'),
(16, 'ハンバーグ', '2023-12-31 15:00:00', '2023-12-31 15:00:00'),
(17, 'ハンバーガー', '2023-12-31 15:00:00', '2023-12-31 15:00:00'),
(18, 'そば', '2023-12-31 15:00:00', '2023-12-31 15:00:00'),
(19, 'うどん', '2023-12-31 15:00:00', '2023-12-31 15:00:00'),
(20, 'お好み焼き', '2023-12-31 15:00:00', '2023-12-31 15:00:00'),
(21, 'たこ焼き', '2023-12-31 15:00:00', '2023-12-31 15:00:00'),
(22, '鍋料理', '2023-12-31 15:00:00', '2023-12-31 15:00:00'),
(23, 'バー', '2023-12-31 15:00:00', '2023-12-31 15:00:00'),
(24, 'パン', '2023-12-31 15:00:00', '2023-12-31 15:00:00'),
(25, 'スイーツ', '2023-12-31 15:00:00', '2023-12-31 15:00:00'),
(26, '和食', '2023-12-31 15:00:00', '2023-12-31 15:00:00'),
(27, 'おでん', '2023-12-31 15:00:00', '2023-12-31 15:00:00'),
(28, '焼き鳥', '2023-12-31 15:00:00', '2023-12-31 15:00:00'),
(29, 'すき焼き', '2023-12-31 15:00:00', '2023-12-31 15:00:00'),
(30, 'しゃぶしゃぶ', '2023-12-31 15:00:00', '2023-12-31 15:00:00'),
(31, '天ぷら', '2023-12-31 15:00:00', '2023-12-31 15:00:00'),
(32, '揚げ物', '2023-12-31 15:00:00', '2023-12-31 15:00:00'),
(33, '丼物', '2023-12-31 15:00:00', '2023-12-31 15:00:00'),
(34, '鉄板焼き', '2023-12-31 15:00:00', '2023-12-31 15:00:00');

-- --------------------------------------------------------

--
-- テーブルの構造 `category_restaurant`
--

CREATE TABLE `category_restaurant` (
  `id` bigint(20) UNSIGNED NOT NULL,
  `restaurant_id` bigint(20) UNSIGNED NOT NULL,
  `category_id` bigint(20) UNSIGNED NOT NULL,
  `created_at` timestamp NULL DEFAULT NULL,
  `updated_at` timestamp NULL DEFAULT NULL
) ENGINE=InnoDB DEFAULT CHARSET=utf8mb4 COLLATE=utf8mb4_unicode_ci;

--
-- テーブルのデータのダンプ `category_restaurant`
--

INSERT INTO `category_restaurant` (`id`, `restaurant_id`, `category_id`, `created_at`, `updated_at`) VALUES
(1, 1, 17, '2021-12-31 15:00:00', '2021-12-31 15:00:00'),
(2, 2, 2, '2022-01-01 15:00:00', '2022-01-01 15:00:00'),
(3, 3, 26, '2022-01-02 15:00:00', '2022-01-02 15:00:00'),
(4, 4, 4, '2022-01-03 15:00:00', '2022-01-03 15:00:00'),
(5, 5, 2, '2022-01-04 15:00:00', '2022-01-04 15:00:00'),
(6, 6, 2, '2022-01-05 15:00:00', '2022-01-05 15:00:00'),
(7, 7, 26, '2022-01-06 15:00:00', '2022-01-06 15:00:00'),
(8, 8, 17, '2022-01-07 15:00:00', '2022-01-07 15:00:00'),
(9, 9, 2, '2022-01-08 15:00:00', '2022-01-08 15:00:00'),
(10, 10, 28, '2022-01-09 15:00:00', '2022-01-09 15:00:00'),
(11, 11, 2, '2022-01-10 15:00:00', '2022-01-10 15:00:00'),
(12, 12, 15, '2022-01-11 15:00:00', '2022-01-11 15:00:00'),
(13, 13, 26, '2022-01-12 15:00:00', '2022-01-12 15:00:00'),
(14, 14, 2, '2022-01-13 15:00:00', '2022-01-13 15:00:00'),
(15, 15, 26, '2022-01-14 15:00:00', '2022-01-14 15:00:00'),
(16, 16, 26, '2022-01-15 15:00:00', '2022-01-15 15:00:00'),
(17, 17, 26, '2022-01-16 15:00:00', '2022-01-16 15:00:00'),
(18, 18, 2, '2022-01-17 15:00:00', '2022-01-17 15:00:00'),
(19, 19, 28, '2022-01-18 15:00:00', '2022-01-18 15:00:00'),
(20, 20, 26, '2022-01-19 15:00:00', '2022-01-19 15:00:00'),
(21, 21, 22, '2022-01-20 15:00:00', '2022-01-20 15:00:00'),
(22, 22, 2, '2022-01-21 15:00:00', '2022-01-21 15:00:00'),
(23, 23, 10, '2022-01-22 15:00:00', '2022-01-22 15:00:00'),
(24, 24, 26, '2022-01-23 15:00:00', '2022-01-23 15:00:00'),
(25, 25, 2, '2022-01-24 15:00:00', '2022-01-24 15:00:00'),
(26, 26, 8, '2022-01-25 15:00:00', '2022-01-25 15:00:00'),
(27, 27, 15, '2022-01-26 15:00:00', '2022-01-26 15:00:00'),
(28, 28, 4, '2022-01-27 15:00:00', '2022-01-27 15:00:00'),
(29, 29, 28, '2022-01-28 15:00:00', '2022-01-28 15:00:00'),
(30, 30, 4, '2022-01-29 15:00:00', '2022-01-29 15:00:00'),
(31, 31, 4, '2022-01-30 15:00:00', '2022-01-30 15:00:00'),
(32, 32, 2, '2022-01-31 15:00:00', '2022-01-31 15:00:00'),
(33, 33, 2, '2022-02-01 15:00:00', '2022-02-01 15:00:00'),
(34, 34, 26, '2022-02-02 15:00:00', '2022-02-02 15:00:00'),
(35, 35, 18, '2022-02-03 15:00:00', '2022-02-03 15:00:00'),
(36, 36, 2, '2022-02-04 15:00:00', '2022-02-04 15:00:00'),
(37, 37, 26, '2022-02-05 15:00:00', '2022-02-05 15:00:00'),
(38, 38, 18, '2022-02-06 15:00:00', '2022-02-06 15:00:00'),
(39, 39, 26, '2022-02-07 15:00:00', '2022-02-07 15:00:00'),
(40, 40, 2, '2022-02-08 15:00:00', '2022-02-08 15:00:00'),
(41, 41, 28, '2022-02-09 15:00:00', '2022-02-09 15:00:00'),
(42, 42, 26, '2022-02-10 15:00:00', '2022-02-10 15:00:00'),
(43, 43, 26, '2022-02-11 15:00:00', '2022-02-11 15:00:00'),
(44, 44, 20, '2022-02-12 15:00:00', '2022-02-12 15:00:00'),
(45, 45, 4, '2022-02-13 15:00:00', '2022-02-13 15:00:00'),
(46, 46, 12, '2022-02-14 15:00:00', '2022-02-14 15:00:00'),
(47, 47, 28, '2022-02-15 15:00:00', '2022-02-15 15:00:00'),
(48, 48, 26, '2022-02-16 15:00:00', '2022-02-16 15:00:00'),
(49, 49, 26, '2022-02-17 15:00:00', '2022-02-17 15:00:00'),
(50, 50, 8, '2022-02-18 15:00:00', '2022-02-18 15:00:00'),
(51, 51, 34, '2022-02-19 15:00:00', '2022-02-19 15:00:00'),
(52, 52, 26, '2022-02-20 15:00:00', '2022-02-20 15:00:00'),
(53, 53, 5, '2022-02-21 15:00:00', '2022-02-21 15:00:00'),
(54, 54, 14, '2022-02-22 15:00:00', '2022-02-22 15:00:00'),
(55, 55, 4, '2022-02-23 15:00:00', '2022-02-23 15:00:00'),
(56, 56, 2, '2022-02-24 15:00:00', '2022-02-24 15:00:00'),
(57, 57, 3, '2022-02-25 15:00:00', '2022-02-25 15:00:00'),
(58, 58, 28, '2022-02-26 15:00:00', '2022-02-26 15:00:00'),
(59, 59, 26, '2022-02-27 15:00:00', '2022-02-27 15:00:00'),
(60, 60, 4, '2022-02-28 15:00:00', '2022-02-28 15:00:00'),
(61, 61, 2, '2022-03-01 15:00:00', '2022-03-01 15:00:00'),
(62, 62, 2, '2022-03-02 15:00:00', '2022-03-02 15:00:00'),
(63, 63, 2, '2022-03-03 15:00:00', '2022-03-03 15:00:00'),
(64, 64, 26, '2022-03-04 15:00:00', '2022-03-04 15:00:00'),
(65, 65, 26, '2022-03-05 15:00:00', '2022-03-05 15:00:00'),
(66, 66, 2, '2022-03-06 15:00:00', '2022-03-06 15:00:00'),
(67, 67, 32, '2022-03-07 15:00:00', '2022-03-07 15:00:00'),
(68, 68, 2, '2022-03-08 15:00:00', '2022-03-08 15:00:00'),
(69, 69, 14, '2022-03-09 15:00:00', '2022-03-09 15:00:00'),
(70, 70, 2, '2022-03-10 15:00:00', '2022-03-10 15:00:00'),
(71, 71, 4, '2022-03-11 15:00:00', '2022-03-11 15:00:00'),
(72, 72, 15, '2022-03-12 15:00:00', '2022-03-12 15:00:00'),
(73, 73, 15, '2022-03-13 15:00:00', '2022-03-13 15:00:00'),
(74, 74, 2, '2022-03-14 15:00:00', '2022-03-14 15:00:00'),
(75, 75, 26, '2022-03-15 15:00:00', '2022-03-15 15:00:00'),
(76, 76, 4, '2022-03-16 15:00:00', '2022-03-16 15:00:00'),
(77, 77, 31, '2022-03-17 15:00:00', '2022-03-17 15:00:00'),
(78, 78, 3, '2022-03-18 15:00:00', '2022-03-18 15:00:00'),
(79, 79, 2, '2022-03-19 15:00:00', '2022-03-19 15:00:00'),
(80, 80, 2, '2022-03-20 15:00:00', '2022-03-20 15:00:00'),
(81, 81, 28, '2022-03-21 15:00:00', '2022-03-21 15:00:00'),
(82, 82, 15, '2022-03-22 15:00:00', '2022-03-22 15:00:00'),
(83, 83, 2, '2022-03-23 15:00:00', '2022-03-23 15:00:00'),
(84, 84, 4, '2022-03-24 15:00:00', '2022-03-24 15:00:00'),
(85, 85, 2, '2022-03-25 15:00:00', '2022-03-25 15:00:00'),
(86, 86, 28, '2022-03-26 15:00:00', '2022-03-26 15:00:00'),
(87, 87, 26, '2022-03-27 15:00:00', '2022-03-27 15:00:00'),
(88, 88, 2, '2022-03-28 15:00:00', '2022-03-28 15:00:00'),
(89, 89, 26, '2022-03-29 15:00:00', '2022-03-29 15:00:00'),
(90, 90, 10, '2022-03-30 15:00:00', '2022-03-30 15:00:00'),
(91, 91, 28, '2022-03-31 15:00:00', '2022-03-31 15:00:00'),
(92, 92, 5, '2022-04-01 15:00:00', '2022-04-01 15:00:00'),
(93, 93, 2, '2022-04-02 15:00:00', '2022-04-02 15:00:00'),
(94, 94, 2, '2022-04-03 15:00:00', '2022-04-03 15:00:00'),
(95, 95, 2, '2022-04-04 15:00:00', '2022-04-04 15:00:00'),
(96, 96, 4, '2022-04-05 15:00:00', '2022-04-05 15:00:00'),
(97, 97, 26, '2022-04-06 15:00:00', '2022-04-06 15:00:00'),
(98, 98, 2, '2022-04-07 15:00:00', '2022-04-07 15:00:00'),
(99, 99, 28, '2022-04-08 15:00:00', '2022-04-08 15:00:00'),
(100, 100, 26, '2022-04-09 15:00:00', '2022-04-09 15:00:00');

-- --------------------------------------------------------

--
-- テーブルの構造 `companies`
--

CREATE TABLE `companies` (
  `id` bigint(20) UNSIGNED NOT NULL,
  `name` varchar(255) NOT NULL,
  `postal_code` varchar(255) NOT NULL,
  `address` varchar(255) NOT NULL,
  `representative` varchar(255) NOT NULL,
  `establishment_date` varchar(255) NOT NULL,
  `capital` varchar(255) NOT NULL,
  `business` varchar(255) NOT NULL,
  `number_of_employees` varchar(255) NOT NULL,
  `created_at` timestamp NULL DEFAULT NULL,
  `updated_at` timestamp NULL DEFAULT NULL
) ENGINE=InnoDB DEFAULT CHARSET=utf8mb4 COLLATE=utf8mb4_unicode_ci;

--
-- テーブルのデータのダンプ `companies`
--

INSERT INTO `companies` (`id`, `name`, `postal_code`, `address`, `representative`, `establishment_date`, `capital`, `business`, `number_of_employees`, `created_at`, `updated_at`) VALUES
(1, 'NAGOYAMESHI株式会社', '1010022', '東京都千代田区神田練塀町300番地 住友不動産秋葉原駅前ビル5F', '侍 太郎', '2015年3月19日', '110,000千円', '飲食店等の情報提供サービス', '83名', '2023-12-31 15:00:00', '2023-12-31 15:00:00');

-- --------------------------------------------------------

--
-- テーブルの構造 `failed_jobs`
--

CREATE TABLE `failed_jobs` (
  `id` bigint(20) UNSIGNED NOT NULL,
  `uuid` varchar(255) NOT NULL,
  `connection` text NOT NULL,
  `queue` text NOT NULL,
  `payload` longtext NOT NULL,
  `exception` longtext NOT NULL,
  `failed_at` timestamp NOT NULL DEFAULT current_timestamp()
) ENGINE=InnoDB DEFAULT CHARSET=utf8mb4 COLLATE=utf8mb4_unicode_ci;

-- --------------------------------------------------------

--
-- テーブルの構造 `migrations`
--

CREATE TABLE `migrations` (
  `id` int(10) UNSIGNED NOT NULL,
  `migration` varchar(255) NOT NULL,
  `batch` int(11) NOT NULL
) ENGINE=InnoDB DEFAULT CHARSET=utf8mb4 COLLATE=utf8mb4_unicode_ci;

--
-- テーブルのデータのダンプ `migrations`
--

INSERT INTO `migrations` (`id`, `migration`, `batch`) VALUES
(1, '2014_10_12_000000_create_users_table', 1),
(2, '2014_10_12_100000_create_password_reset_tokens_table', 1),
(3, '2019_08_19_000000_create_failed_jobs_table', 1),
(4, '2019_12_14_000001_create_personal_access_tokens_table', 1),
(5, '2023_12_25_114741_create_admins_table', 1),
(6, '2023_12_26_193339_create_restaurants_table', 2),
(7, '2024_01_15_220129_create_categories_table', 3),
(8, '2024_01_16_195831_create_category_restaurant_table', 4),
(9, '2024_01_18_205603_create_regular_holidays_table', 5),
(10, '2024_01_18_210358_create_regular_holiday_restaurant_table', 6),
(11, '2024_01_19_195134_create_companies_table', 7),
(12, '2024_01_19_195145_create_terms_table', 7),
(13, '2024_01_26_080431_create_reviews_table', 8),
(14, '2019_05_03_000001_create_customer_columns', 9),
(15, '2019_05_03_000002_create_subscriptions_table', 9),
(16, '2019_05_03_000003_create_subscription_items_table', 9),
(17, '2024_01_28_081307_create_reservations_table', 10),
(18, '2024_01_29_165113_create_restaurant_user_table', 11);

-- --------------------------------------------------------

--
-- テーブルの構造 `password_reset_tokens`
--

CREATE TABLE `password_reset_tokens` (
  `email` varchar(255) NOT NULL,
  `token` varchar(255) NOT NULL,
  `created_at` timestamp NULL DEFAULT NULL
) ENGINE=InnoDB DEFAULT CHARSET=utf8mb4 COLLATE=utf8mb4_unicode_ci;

-- --------------------------------------------------------

--
-- テーブルの構造 `personal_access_tokens`
--

CREATE TABLE `personal_access_tokens` (
  `id` bigint(20) UNSIGNED NOT NULL,
  `tokenable_type` varchar(255) NOT NULL,
  `tokenable_id` bigint(20) UNSIGNED NOT NULL,
  `name` varchar(255) NOT NULL,
  `token` varchar(64) NOT NULL,
  `abilities` text DEFAULT NULL,
  `last_used_at` timestamp NULL DEFAULT NULL,
  `expires_at` timestamp NULL DEFAULT NULL,
  `created_at` timestamp NULL DEFAULT NULL,
  `updated_at` timestamp NULL DEFAULT NULL
) ENGINE=InnoDB DEFAULT CHARSET=utf8mb4 COLLATE=utf8mb4_unicode_ci;

-- --------------------------------------------------------

--
-- テーブルの構造 `regular_holidays`
--

CREATE TABLE `regular_holidays` (
  `id` bigint(20) UNSIGNED NOT NULL,
  `day` varchar(255) NOT NULL,
  `day_index` int(11) DEFAULT NULL,
  `created_at` timestamp NULL DEFAULT NULL,
  `updated_at` timestamp NULL DEFAULT NULL
) ENGINE=InnoDB DEFAULT CHARSET=utf8mb4 COLLATE=utf8mb4_unicode_ci;

--
-- テーブルのデータのダンプ `regular_holidays`
--

INSERT INTO `regular_holidays` (`id`, `day`, `day_index`, `created_at`, `updated_at`) VALUES
(1, '月', 1, '2023-12-31 15:00:00', '2023-12-31 15:00:00'),
(2, '火', 2, '2023-12-31 15:00:00', '2023-12-31 15:00:00'),
(3, '水', 3, '2023-12-31 15:00:00', '2023-12-31 15:00:00'),
(4, '木', 4, '2023-12-31 15:00:00', '2023-12-31 15:00:00'),
(5, '金', 5, '2023-12-31 15:00:00', '2023-12-31 15:00:00'),
(6, '土', 6, '2023-12-31 15:00:00', '2023-12-31 15:00:00'),
(7, '日', 0, '2023-12-31 15:00:00', '2023-12-31 15:00:00'),
(8, '不定休', NULL, '2023-12-31 15:00:00', '2023-12-31 15:00:00');

-- --------------------------------------------------------

--
-- テーブルの構造 `regular_holiday_restaurant`
--

CREATE TABLE `regular_holiday_restaurant` (
  `id` bigint(20) UNSIGNED NOT NULL,
  `restaurant_id` bigint(20) UNSIGNED NOT NULL,
  `regular_holiday_id` bigint(20) UNSIGNED NOT NULL,
  `created_at` timestamp NULL DEFAULT NULL,
  `updated_at` timestamp NULL DEFAULT NULL
) ENGINE=InnoDB DEFAULT CHARSET=utf8mb4 COLLATE=utf8mb4_unicode_ci;

--
-- テーブルのデータのダンプ `regular_holiday_restaurant`
--

INSERT INTO `regular_holiday_restaurant` (`id`, `restaurant_id`, `regular_holiday_id`, `created_at`, `updated_at`) VALUES
(1, 1, 3, '2023-12-31 15:00:00', '2023-12-31 15:00:00'),
(2, 1, 6, '2023-12-31 15:00:00', '2023-12-31 15:00:00'),
(3, 1, 7, '2023-12-31 15:00:00', '2023-12-31 15:00:00'),
(4, 2, 2, '2023-12-31 15:00:00', '2023-12-31 15:00:00'),
(5, 3, 3, '2023-12-31 15:00:00', '2023-12-31 15:00:00'),
(6, 4, 7, '2023-12-31 15:00:00', '2023-12-31 15:00:00'),
(7, 4, 2, '2023-12-31 15:00:00', '2023-12-31 15:00:00'),
(8, 6, 8, '2023-12-31 15:00:00', '2023-12-31 15:00:00'),
(9, 6, 6, '2023-12-31 15:00:00', '2023-12-31 15:00:00'),
(10, 6, 1, '2023-12-31 15:00:00', '2023-12-31 15:00:00'),
(11, 7, 2, '2023-12-31 15:00:00', '2023-12-31 15:00:00'),
(12, 9, 7, '2023-12-31 15:00:00', '2023-12-31 15:00:00'),
(13, 12, 8, '2023-12-31 15:00:00', '2023-12-31 15:00:00'),
(14, 12, 3, '2023-12-31 15:00:00', '2023-12-31 15:00:00'),
(15, 17, 5, '2023-12-31 15:00:00', '2023-12-31 15:00:00'),
(16, 17, 6, '2023-12-31 15:00:00', '2023-12-31 15:00:00'),
(17, 20, 1, '2023-12-31 15:00:00', '2023-12-31 15:00:00'),
(18, 20, 7, '2023-12-31 15:00:00', '2023-12-31 15:00:00'),
(19, 21, 5, '2023-12-31 15:00:00', '2023-12-31 15:00:00'),
(20, 21, 3, '2023-12-31 15:00:00', '2023-12-31 15:00:00'),
(21, 23, 2, '2023-12-31 15:00:00', '2023-12-31 15:00:00'),
(22, 23, 6, '2023-12-31 15:00:00', '2023-12-31 15:00:00'),
(23, 24, 4, '2023-12-31 15:00:00', '2023-12-31 15:00:00'),
(24, 24, 6, '2023-12-31 15:00:00', '2023-12-31 15:00:00'),
(25, 24, 7, '2023-12-31 15:00:00', '2023-12-31 15:00:00'),
(26, 25, 1, '2023-12-31 15:00:00', '2023-12-31 15:00:00'),
(27, 26, 8, '2023-12-31 15:00:00', '2023-12-31 15:00:00'),
(28, 26, 4, '2023-12-31 15:00:00', '2023-12-31 15:00:00'),
(29, 27, 8, '2023-12-31 15:00:00', '2023-12-31 15:00:00'),
(30, 28, 2, '2023-12-31 15:00:00', '2023-12-31 15:00:00'),
(31, 28, 3, '2023-12-31 15:00:00', '2023-12-31 15:00:00'),
(32, 28, 7, '2023-12-31 15:00:00', '2023-12-31 15:00:00'),
(33, 29, 4, '2023-12-31 15:00:00', '2023-12-31 15:00:00'),
(34, 29, 6, '2023-12-31 15:00:00', '2023-12-31 15:00:00'),
(35, 30, 3, '2023-12-31 15:00:00', '2023-12-31 15:00:00'),
(36, 31, 7, '2023-12-31 15:00:00', '2023-12-31 15:00:00'),
(37, 32, 8, '2023-12-31 15:00:00', '2023-12-31 15:00:00'),
(38, 32, 6, '2023-12-31 15:00:00', '2023-12-31 15:00:00'),
(39, 33, 5, '2023-12-31 15:00:00', '2023-12-31 15:00:00'),
(40, 35, 3, '2023-12-31 15:00:00', '2023-12-31 15:00:00'),
(41, 36, 7, '2023-12-31 15:00:00', '2023-12-31 15:00:00'),
(42, 37, 2, '2023-12-31 15:00:00', '2023-12-31 15:00:00'),
(43, 38, 5, '2023-12-31 15:00:00', '2023-12-31 15:00:00'),
(44, 38, 4, '2023-12-31 15:00:00', '2023-12-31 15:00:00'),
(45, 41, 4, '2023-12-31 15:00:00', '2023-12-31 15:00:00'),
(46, 41, 2, '2023-12-31 15:00:00', '2023-12-31 15:00:00'),
(47, 42, 2, '2023-12-31 15:00:00', '2023-12-31 15:00:00'),
(48, 42, 1, '2023-12-31 15:00:00', '2023-12-31 15:00:00'),
(49, 42, 6, '2023-12-31 15:00:00', '2023-12-31 15:00:00'),
(50, 43, 5, '2023-12-31 15:00:00', '2023-12-31 15:00:00'),
(51, 44, 1, '2023-12-31 15:00:00', '2023-12-31 15:00:00'),
(52, 44, 3, '2023-12-31 15:00:00', '2023-12-31 15:00:00'),
(53, 45, 1, '2023-12-31 15:00:00', '2023-12-31 15:00:00'),
(54, 46, 8, '2023-12-31 15:00:00', '2023-12-31 15:00:00'),
(55, 46, 2, '2023-12-31 15:00:00', '2023-12-31 15:00:00'),
(56, 48, 4, '2023-12-31 15:00:00', '2023-12-31 15:00:00'),
(57, 50, 6, '2023-12-31 15:00:00', '2023-12-31 15:00:00'),
(58, 50, 2, '2023-12-31 15:00:00', '2023-12-31 15:00:00'),
(59, 51, 4, '2023-12-31 15:00:00', '2023-12-31 15:00:00'),
(60, 51, 2, '2023-12-31 15:00:00', '2023-12-31 15:00:00'),
(61, 51, 7, '2023-12-31 15:00:00', '2023-12-31 15:00:00'),
(62, 52, 6, '2023-12-31 15:00:00', '2023-12-31 15:00:00'),
(63, 52, 4, '2023-12-31 15:00:00', '2023-12-31 15:00:00'),
(64, 54, 4, '2023-12-31 15:00:00', '2023-12-31 15:00:00'),
(65, 54, 3, '2023-12-31 15:00:00', '2023-12-31 15:00:00'),
(66, 54, 2, '2023-12-31 15:00:00', '2023-12-31 15:00:00'),
(67, 55, 4, '2023-12-31 15:00:00', '2023-12-31 15:00:00'),
(68, 56, 2, '2023-12-31 15:00:00', '2023-12-31 15:00:00'),
(69, 56, 6, '2023-12-31 15:00:00', '2023-12-31 15:00:00'),
(70, 59, 2, '2023-12-31 15:00:00', '2023-12-31 15:00:00'),
(71, 59, 8, '2023-12-31 15:00:00', '2023-12-31 15:00:00'),
(72, 60, 4, '2023-12-31 15:00:00', '2023-12-31 15:00:00'),
(73, 60, 2, '2023-12-31 15:00:00', '2023-12-31 15:00:00'),
(74, 61, 2, '2023-12-31 15:00:00', '2023-12-31 15:00:00'),
(75, 62, 8, '2023-12-31 15:00:00', '2023-12-31 15:00:00'),
(76, 62, 5, '2023-12-31 15:00:00', '2023-12-31 15:00:00'),
(77, 62, 1, '2023-12-31 15:00:00', '2023-12-31 15:00:00'),
(78, 63, 3, '2023-12-31 15:00:00', '2023-12-31 15:00:00'),
(79, 63, 6, '2023-12-31 15:00:00', '2023-12-31 15:00:00'),
(80, 65, 3, '2023-12-31 15:00:00', '2023-12-31 15:00:00'),
(81, 65, 1, '2023-12-31 15:00:00', '2023-12-31 15:00:00'),
(82, 65, 2, '2023-12-31 15:00:00', '2023-12-31 15:00:00'),
(83, 68, 2, '2023-12-31 15:00:00', '2023-12-31 15:00:00'),
(84, 69, 2, '2023-12-31 15:00:00', '2023-12-31 15:00:00'),
(85, 69, 7, '2023-12-31 15:00:00', '2023-12-31 15:00:00'),
(86, 69, 1, '2023-12-31 15:00:00', '2023-12-31 15:00:00'),
(87, 71, 3, '2023-12-31 15:00:00', '2023-12-31 15:00:00'),
(88, 71, 6, '2023-12-31 15:00:00', '2023-12-31 15:00:00'),
(89, 73, 6, '2023-12-31 15:00:00', '2023-12-31 15:00:00'),
(90, 74, 8, '2023-12-31 15:00:00', '2023-12-31 15:00:00'),
(91, 74, 5, '2023-12-31 15:00:00', '2023-12-31 15:00:00'),
(92, 74, 3, '2023-12-31 15:00:00', '2023-12-31 15:00:00'),
(93, 75, 3, '2023-12-31 15:00:00', '2023-12-31 15:00:00'),
(94, 76, 6, '2023-12-31 15:00:00', '2023-12-31 15:00:00'),
(95, 77, 2, '2023-12-31 15:00:00', '2023-12-31 15:00:00'),
(96, 78, 6, '2023-12-31 15:00:00', '2023-12-31 15:00:00'),
(97, 78, 2, '2023-12-31 15:00:00', '2023-12-31 15:00:00'),
(98, 78, 5, '2023-12-31 15:00:00', '2023-12-31 15:00:00'),
(99, 80, 2, '2023-12-31 15:00:00', '2023-12-31 15:00:00'),
(100, 81, 2, '2023-12-31 15:00:00', '2023-12-31 15:00:00'),
(101, 81, 6, '2023-12-31 15:00:00', '2023-12-31 15:00:00'),
(102, 83, 7, '2023-12-31 15:00:00', '2023-12-31 15:00:00'),
(103, 83, 6, '2023-12-31 15:00:00', '2023-12-31 15:00:00'),
(104, 83, 1, '2023-12-31 15:00:00', '2023-12-31 15:00:00'),
(105, 84, 6, '2023-12-31 15:00:00', '2023-12-31 15:00:00'),
(106, 84, 5, '2023-12-31 15:00:00', '2023-12-31 15:00:00'),
(107, 86, 7, '2023-12-31 15:00:00', '2023-12-31 15:00:00'),
(108, 86, 1, '2023-12-31 15:00:00', '2023-12-31 15:00:00'),
(109, 87, 5, '2023-12-31 15:00:00', '2023-12-31 15:00:00'),
(110, 87, 6, '2023-12-31 15:00:00', '2023-12-31 15:00:00'),
(111, 88, 5, '2023-12-31 15:00:00', '2023-12-31 15:00:00'),
(112, 88, 4, '2023-12-31 15:00:00', '2023-12-31 15:00:00'),
(113, 89, 3, '2023-12-31 15:00:00', '2023-12-31 15:00:00'),
(114, 89, 8, '2023-12-31 15:00:00', '2023-12-31 15:00:00'),
(115, 89, 4, '2023-12-31 15:00:00', '2023-12-31 15:00:00'),
(116, 90, 2, '2023-12-31 15:00:00', '2023-12-31 15:00:00'),
(117, 90, 5, '2023-12-31 15:00:00', '2023-12-31 15:00:00'),
(118, 90, 7, '2023-12-31 15:00:00', '2023-12-31 15:00:00'),
(119, 91, 1, '2023-12-31 15:00:00', '2023-12-31 15:00:00'),
(120, 91, 2, '2023-12-31 15:00:00', '2023-12-31 15:00:00'),
(121, 91, 3, '2023-12-31 15:00:00', '2023-12-31 15:00:00'),
(122, 92, 7, '2023-12-31 15:00:00', '2023-12-31 15:00:00'),
(123, 92, 1, '2023-12-31 15:00:00', '2023-12-31 15:00:00'),
(124, 93, 1, '2023-12-31 15:00:00', '2023-12-31 15:00:00'),
(125, 93, 5, '2023-12-31 15:00:00', '2023-12-31 15:00:00'),
(126, 94, 8, '2023-12-31 15:00:00', '2023-12-31 15:00:00'),
(127, 94, 3, '2023-12-31 15:00:00', '2023-12-31 15:00:00'),
(128, 95, 2, '2023-12-31 15:00:00', '2023-12-31 15:00:00'),
(129, 95, 7, '2023-12-31 15:00:00', '2023-12-31 15:00:00'),
(130, 96, 5, '2023-12-31 15:00:00', '2023-12-31 15:00:00'),
(131, 96, 2, '2023-12-31 15:00:00', '2023-12-31 15:00:00'),
(132, 97, 7, '2023-12-31 15:00:00', '2023-12-31 15:00:00'),
(133, 97, 1, '2023-12-31 15:00:00', '2023-12-31 15:00:00'),
(134, 97, 6, '2023-12-31 15:00:00', '2023-12-31 15:00:00'),
(135, 98, 2, '2023-12-31 15:00:00', '2023-12-31 15:00:00'),
(136, 98, 6, '2023-12-31 15:00:00', '2023-12-31 15:00:00'),
(137, 99, 8, '2023-12-31 15:00:00', '2023-12-31 15:00:00'),
(138, 99, 6, '2023-12-31 15:00:00', '2023-12-31 15:00:00'),
(139, 100, 8, '2023-12-31 15:00:00', '2023-12-31 15:00:00'),
(140, 100, 4, '2023-12-31 15:00:00', '2023-12-31 15:00:00'),
(141, 100, 1, '2023-12-31 15:00:00', '2023-12-31 15:00:00');

-- --------------------------------------------------------

--
-- テーブルの構造 `reservations`
--

CREATE TABLE `reservations` (
  `id` bigint(20) UNSIGNED NOT NULL,
  `reserved_datetime` datetime NOT NULL,
  `number_of_people` int(11) NOT NULL,
  `restaurant_id` bigint(20) UNSIGNED NOT NULL,
  `user_id` bigint(20) UNSIGNED NOT NULL,
  `created_at` timestamp NULL DEFAULT NULL,
  `updated_at` timestamp NULL DEFAULT NULL
) ENGINE=InnoDB DEFAULT CHARSET=utf8mb4 COLLATE=utf8mb4_unicode_ci;

--
-- テーブルのデータのダンプ `reservations`
--

INSERT INTO `reservations` (`id`, `reserved_datetime`, `number_of_people`, `restaurant_id`, `user_id`, `created_at`, `updated_at`) VALUES
(1, '2023-04-16 14:01:35', 122, 20, 1, '2023-12-31 15:00:00', '2023-12-31 15:00:00'),
(2, '2023-12-16 13:55:38', 6, 79, 1, '2023-12-31 15:00:00', '2023-12-31 15:00:00'),
(3, '2024-01-31 19:22:52', 30, 56, 1, '2023-12-31 15:00:00', '2023-12-31 15:00:00'),
(4, '2023-06-29 14:21:22', 50, 36, 1, '2023-12-31 15:00:00', '2023-12-31 15:00:00'),
(5, '2023-03-11 16:31:20', 44, 49, 1, '2023-12-31 15:00:00', '2023-12-31 15:00:00'),
(6, '2024-01-26 20:04:03', 18, 86, 1, '2023-12-31 15:00:00', '2023-12-31 15:00:00'),
(7, '2023-03-28 14:40:09', 92, 73, 1, '2023-12-31 15:00:00', '2023-12-31 15:00:00'),
(8, '2023-05-12 18:32:33', 38, 61, 1, '2023-12-31 15:00:00', '2023-12-31 15:00:00'),
(9, '2023-12-16 15:42:24', 58, 28, 1, '2023-12-31 15:00:00', '2023-12-31 15:00:00'),
(10, '2023-11-14 17:03:33', 54, 77, 1, '2023-12-31 15:00:00', '2023-12-31 15:00:00'),
(11, '2024-01-28 10:21:16', 81, 7, 1, '2023-12-31 15:00:00', '2023-12-31 15:00:00'),
(12, '2023-02-20 16:33:53', 13, 70, 42, '2023-12-31 15:00:00', '2023-12-31 15:00:00'),
(13, '2023-10-10 22:24:38', 76, 48, 25, '2023-12-31 15:00:00', '2023-12-31 15:00:00'),
(14, '2023-10-24 16:30:55', 41, 80, 35, '2023-12-31 15:00:00', '2023-12-31 15:00:00'),
(15, '2023-08-18 16:19:55', 28, 61, 100, '2023-12-31 15:00:00', '2023-12-31 15:00:00'),
(16, '2023-04-02 11:23:14', 116, 52, 40, '2023-12-31 15:00:00', '2023-12-31 15:00:00'),
(17, '2023-03-07 21:12:24', 40, 46, 42, '2023-12-31 15:00:00', '2023-12-31 15:00:00'),
(18, '2023-06-26 20:06:10', 27, 75, 79, '2023-12-31 15:00:00', '2023-12-31 15:00:00'),
(19, '2023-03-10 14:13:44', 32, 44, 45, '2023-12-31 15:00:00', '2023-12-31 15:00:00'),
(20, '2023-03-15 14:08:46', 32, 57, 34, '2023-12-31 15:00:00', '2023-12-31 15:00:00'),
(21, '2023-06-24 18:27:16', 82, 94, 67, '2023-12-31 15:00:00', '2023-12-31 15:00:00'),
(22, '2023-09-12 13:01:56', 27, 27, 80, '2023-12-31 15:00:00', '2023-12-31 15:00:00'),
(23, '2024-02-03 18:56:49', 40, 49, 16, '2023-12-31 15:00:00', '2023-12-31 15:00:00'),
(24, '2024-01-26 13:54:50', 53, 85, 40, '2023-12-31 15:00:00', '2023-12-31 15:00:00'),
(25, '2024-01-23 10:26:37', 9, 31, 11, '2023-12-31 15:00:00', '2023-12-31 15:00:00'),
(26, '2023-02-25 15:56:44', 94, 94, 35, '2023-12-31 15:00:00', '2023-12-31 15:00:00'),
(27, '2023-07-15 22:18:17', 33, 19, 15, '2023-12-31 15:00:00', '2023-12-31 15:00:00'),
(28, '2023-04-02 16:41:10', 87, 5, 11, '2023-12-31 15:00:00', '2023-12-31 15:00:00'),
(29, '2023-12-06 11:49:00', 23, 76, 80, '2023-12-31 15:00:00', '2023-12-31 15:00:00'),
(30, '2023-11-06 11:40:25', 9, 61, 77, '2023-12-31 15:00:00', '2023-12-31 15:00:00'),
(31, '2023-10-10 15:17:55', 87, 44, 11, '2023-12-31 15:00:00', '2023-12-31 15:00:00'),
(32, '2023-06-07 16:06:45', 70, 10, 19, '2023-12-31 15:00:00', '2023-12-31 15:00:00'),
(33, '2023-06-07 14:03:10', 21, 53, 63, '2023-12-31 15:00:00', '2023-12-31 15:00:00'),
(34, '2023-08-17 20:32:49', 68, 82, 3, '2023-12-31 15:00:00', '2023-12-31 15:00:00'),
(35, '2023-12-07 11:12:07', 55, 58, 48, '2023-12-31 15:00:00', '2023-12-31 15:00:00'),
(36, '2023-05-02 19:12:34', 49, 3, 26, '2023-12-31 15:00:00', '2023-12-31 15:00:00'),
(37, '2024-01-27 19:03:29', 20, 95, 77, '2023-12-31 15:00:00', '2023-12-31 15:00:00'),
(38, '2023-04-09 16:32:18', 5, 14, 15, '2023-12-31 15:00:00', '2023-12-31 15:00:00'),
(39, '2023-08-23 20:18:36', 18, 28, 15, '2023-12-31 15:00:00', '2023-12-31 15:00:00'),
(40, '2023-09-27 15:36:33', 14, 43, 47, '2023-12-31 15:00:00', '2023-12-31 15:00:00'),
(41, '2023-09-11 16:06:30', 7, 57, 49, '2023-12-31 15:00:00', '2023-12-31 15:00:00'),
(42, '2023-09-23 13:22:59', 73, 10, 60, '2023-12-31 15:00:00', '2023-12-31 15:00:00'),
(43, '2023-08-28 22:48:40', 33, 48, 42, '2023-12-31 15:00:00', '2023-12-31 15:00:00'),
(44, '2023-05-30 19:17:47', 85, 98, 4, '2023-12-31 15:00:00', '2023-12-31 15:00:00'),
(45, '2023-08-27 11:57:33', 21, 92, 55, '2023-12-31 15:00:00', '2023-12-31 15:00:00'),
(46, '2023-07-17 14:17:37', 42, 73, 71, '2023-12-31 15:00:00', '2023-12-31 15:00:00'),
(47, '2024-02-02 18:53:49', 70, 63, 6, '2023-12-31 15:00:00', '2023-12-31 15:00:00'),
(48, '2023-01-31 16:53:33', 78, 50, 95, '2023-12-31 15:00:00', '2023-12-31 15:00:00'),
(49, '2023-09-13 14:46:52', 7, 67, 22, '2023-12-31 15:00:00', '2023-12-31 15:00:00'),
(50, '2023-11-02 17:24:43', 40, 99, 66, '2023-12-31 15:00:00', '2023-12-31 15:00:00'),
(51, '2023-05-06 18:40:02', 62, 16, 14, '2023-12-31 15:00:00', '2023-12-31 15:00:00'),
(52, '2023-10-04 19:22:39', 93, 29, 55, '2023-12-31 15:00:00', '2023-12-31 15:00:00'),
(53, '2023-11-24 10:05:05', 71, 85, 78, '2023-12-31 15:00:00', '2023-12-31 15:00:00'),
(54, '2023-02-19 19:13:31', 37, 35, 96, '2023-12-31 15:00:00', '2023-12-31 15:00:00'),
(55, '2023-04-11 14:20:59', 47, 53, 95, '2023-12-31 15:00:00', '2023-12-31 15:00:00'),
(56, '2023-08-07 15:57:48', 90, 66, 41, '2023-12-31 15:00:00', '2023-12-31 15:00:00'),
(57, '2023-07-23 19:39:43', 75, 81, 7, '2023-12-31 15:00:00', '2023-12-31 15:00:00'),
(58, '2024-01-28 18:24:18', 5, 90, 75, '2023-12-31 15:00:00', '2023-12-31 15:00:00'),
(59, '2024-01-28 11:53:18', 24, 45, 16, '2023-12-31 15:00:00', '2023-12-31 15:00:00'),
(60, '2023-12-23 17:46:42', 9, 84, 74, '2023-12-31 15:00:00', '2023-12-31 15:00:00'),
(61, '2023-04-15 17:21:37', 66, 69, 62, '2023-12-31 15:00:00', '2023-12-31 15:00:00'),
(62, '2024-01-23 17:21:08', 53, 3, 7, '2023-12-31 15:00:00', '2023-12-31 15:00:00'),
(63, '2024-01-08 13:06:48', 2, 2, 85, '2023-12-31 15:00:00', '2023-12-31 15:00:00'),
(64, '2023-12-20 14:35:41', 50, 32, 53, '2023-12-31 15:00:00', '2023-12-31 15:00:00'),
(65, '2023-10-28 18:29:22', 121, 10, 92, '2023-12-31 15:00:00', '2023-12-31 15:00:00'),
(66, '2023-10-09 11:47:22', 48, 38, 51, '2023-12-31 15:00:00', '2023-12-31 15:00:00'),
(67, '2023-03-22 19:09:36', 14, 64, 52, '2023-12-31 15:00:00', '2023-12-31 15:00:00'),
(68, '2023-10-31 22:22:52', 27, 22, 76, '2023-12-31 15:00:00', '2023-12-31 15:00:00'),
(69, '2023-05-21 19:05:27', 52, 99, 6, '2023-12-31 15:00:00', '2023-12-31 15:00:00'),
(70, '2023-06-28 20:19:12', 57, 69, 28, '2023-12-31 15:00:00', '2023-12-31 15:00:00'),
(71, '2024-01-31 12:01:11', 9, 80, 35, '2023-12-31 15:00:00', '2023-12-31 15:00:00'),
(72, '2023-05-20 11:21:09', 51, 49, 94, '2023-12-31 15:00:00', '2023-12-31 15:00:00'),
(73, '2024-01-03 16:45:35', 52, 35, 47, '2023-12-31 15:00:00', '2023-12-31 15:00:00'),
(74, '2023-11-03 10:30:34', 49, 67, 38, '2023-12-31 15:00:00', '2023-12-31 15:00:00'),
(75, '2023-07-21 17:56:48', 67, 36, 33, '2023-12-31 15:00:00', '2023-12-31 15:00:00'),
(76, '2023-08-15 14:52:58', 62, 96, 19, '2023-12-31 15:00:00', '2023-12-31 15:00:00'),
(77, '2024-01-24 17:15:58', 26, 68, 71, '2023-12-31 15:00:00', '2023-12-31 15:00:00'),
(78, '2023-05-25 10:11:13', 21, 37, 49, '2023-12-31 15:00:00', '2023-12-31 15:00:00'),
(79, '2023-10-15 18:29:04', 79, 7, 42, '2023-12-31 15:00:00', '2023-12-31 15:00:00'),
(80, '2023-10-04 22:40:39', 98, 96, 25, '2023-12-31 15:00:00', '2023-12-31 15:00:00'),
(81, '2023-09-23 22:02:56', 20, 8, 15, '2023-12-31 15:00:00', '2023-12-31 15:00:00'),
(82, '2023-06-09 13:32:22', 60, 35, 10, '2023-12-31 15:00:00', '2023-12-31 15:00:00'),
(83, '2023-08-20 19:43:39', 37, 24, 14, '2023-12-31 15:00:00', '2023-12-31 15:00:00'),
(84, '2023-05-16 13:04:09', 21, 35, 52, '2023-12-31 15:00:00', '2023-12-31 15:00:00'),
(85, '2023-08-27 11:54:52', 52, 71, 37, '2023-12-31 15:00:00', '2023-12-31 15:00:00'),
(86, '2023-07-31 12:06:33', 1, 26, 56, '2023-12-31 15:00:00', '2023-12-31 15:00:00'),
(87, '2024-01-30 19:35:43', 66, 84, 79, '2023-12-31 15:00:00', '2023-12-31 15:00:00'),
(88, '2023-02-04 14:48:08', 56, 28, 38, '2023-12-31 15:00:00', '2023-12-31 15:00:00'),
(89, '2023-02-05 19:14:38', 15, 44, 1, '2023-12-31 15:00:00', '2023-12-31 15:00:00'),
(90, '2023-04-24 19:16:36', 121, 44, 62, '2023-12-31 15:00:00', '2023-12-31 15:00:00'),
(91, '2023-08-15 19:27:09', 67, 31, 84, '2023-12-31 15:00:00', '2023-12-31 15:00:00'),
(92, '2023-05-10 16:05:58', 37, 12, 101, '2023-12-31 15:00:00', '2023-12-31 15:00:00'),
(93, '2023-11-02 15:53:16', 43, 93, 83, '2023-12-31 15:00:00', '2023-12-31 15:00:00'),
(94, '2023-08-20 21:03:22', 13, 88, 80, '2023-12-31 15:00:00', '2023-12-31 15:00:00'),
(95, '2024-01-17 13:51:42', 52, 52, 98, '2023-12-31 15:00:00', '2023-12-31 15:00:00'),
(96, '2023-06-21 20:13:34', 10, 39, 78, '2023-12-31 15:00:00', '2023-12-31 15:00:00'),
(97, '2023-02-17 20:39:36', 89, 31, 35, '2023-12-31 15:00:00', '2023-12-31 15:00:00'),
(98, '2023-07-16 18:15:29', 57, 50, 80, '2023-12-31 15:00:00', '2023-12-31 15:00:00'),
(99, '2023-06-09 13:02:17', 123, 65, 54, '2023-12-31 15:00:00', '2023-12-31 15:00:00'),
(100, '2023-03-29 19:38:39', 86, 17, 83, '2023-12-31 15:00:00', '2023-12-31 15:00:00'),
(101, '2023-08-10 17:02:49', 88, 21, 44, '2023-12-31 15:00:00', '2023-12-31 15:00:00'),
(102, '2023-02-06 19:45:43', 6, 43, 27, '2023-12-31 15:00:00', '2023-12-31 15:00:00'),
(103, '2023-11-26 22:54:52', 74, 19, 48, '2023-12-31 15:00:00', '2023-12-31 15:00:00'),
(104, '2023-05-08 17:15:25', 41, 40, 34, '2023-12-31 15:00:00', '2023-12-31 15:00:00'),
(105, '2023-09-14 15:57:30', 54, 28, 82, '2023-12-31 15:00:00', '2023-12-31 15:00:00'),
(106, '2023-08-06 16:25:20', 100, 33, 4, '2023-12-31 15:00:00', '2023-12-31 15:00:00'),
(107, '2023-07-02 21:57:07', 139, 66, 23, '2023-12-31 15:00:00', '2023-12-31 15:00:00'),
(108, '2023-02-17 10:06:06', 20, 23, 67, '2023-12-31 15:00:00', '2023-12-31 15:00:00'),
(109, '2023-07-04 13:43:10', 23, 18, 41, '2023-12-31 15:00:00', '2023-12-31 15:00:00'),
(110, '2023-10-03 11:38:48', 14, 78, 55, '2023-12-31 15:00:00', '2023-12-31 15:00:00'),
(111, '2023-09-05 16:59:01', 106, 98, 95, '2023-12-31 15:00:00', '2023-12-31 15:00:00'),
(112, '2023-04-14 11:55:56', 105, 98, 72, '2023-12-31 15:00:00', '2023-12-31 15:00:00'),
(113, '2023-05-06 19:43:30', 37, 15, 72, '2023-12-31 15:00:00', '2023-12-31 15:00:00'),
(114, '2023-06-01 18:11:44', 48, 68, 72, '2023-12-31 15:00:00', '2023-12-31 15:00:00'),
(115, '2023-10-05 19:14:34', 29, 67, 87, '2023-12-31 15:00:00', '2023-12-31 15:00:00'),
(116, '2023-04-01 13:24:34', 28, 58, 5, '2023-12-31 15:00:00', '2023-12-31 15:00:00'),
(117, '2023-09-05 14:02:33', 10, 71, 25, '2023-12-31 15:00:00', '2023-12-31 15:00:00'),
(118, '2023-11-23 19:57:02', 70, 69, 25, '2023-12-31 15:00:00', '2023-12-31 15:00:00'),
(119, '2023-08-05 12:14:24', 47, 51, 1, '2023-12-31 15:00:00', '2023-12-31 15:00:00'),
(120, '2023-10-26 12:21:36', 81, 40, 53, '2023-12-31 15:00:00', '2023-12-31 15:00:00'),
(121, '2023-06-15 18:12:24', 21, 1, 79, '2023-12-31 15:00:00', '2023-12-31 15:00:00'),
(122, '2023-04-23 16:25:44', 86, 53, 74, '2023-12-31 15:00:00', '2023-12-31 15:00:00'),
(123, '2023-11-06 15:29:52', 11, 87, 67, '2023-12-31 15:00:00', '2023-12-31 15:00:00'),
(124, '2023-07-14 12:34:05', 27, 58, 52, '2023-12-31 15:00:00', '2023-12-31 15:00:00'),
(125, '2023-04-23 17:00:59', 44, 56, 22, '2023-12-31 15:00:00', '2023-12-31 15:00:00'),
(126, '2023-07-02 18:50:10', 48, 11, 4, '2023-12-31 15:00:00', '2023-12-31 15:00:00'),
(127, '2023-05-07 18:33:43', 32, 34, 28, '2023-12-31 15:00:00', '2023-12-31 15:00:00'),
(128, '2023-02-02 12:45:05', 6, 64, 70, '2023-12-31 15:00:00', '2023-12-31 15:00:00'),
(129, '2023-03-09 16:27:01', 44, 56, 62, '2023-12-31 15:00:00', '2023-12-31 15:00:00'),
(130, '2023-04-14 12:28:56', 23, 38, 72, '2023-12-31 15:00:00', '2023-12-31 15:00:00'),
(131, '2023-03-25 22:32:47', 32, 48, 78, '2023-12-31 15:00:00', '2023-12-31 15:00:00'),
(132, '2023-11-19 11:12:23', 24, 24, 79, '2023-12-31 15:00:00', '2023-12-31 15:00:00'),
(133, '2023-07-11 19:02:10', 84, 29, 24, '2023-12-31 15:00:00', '2023-12-31 15:00:00'),
(134, '2023-05-08 15:22:18', 105, 18, 12, '2023-12-31 15:00:00', '2023-12-31 15:00:00'),
(135, '2023-05-26 10:24:11', 8, 70, 3, '2023-12-31 15:00:00', '2023-12-31 15:00:00'),
(136, '2023-12-07 20:03:45', 41, 95, 93, '2023-12-31 15:00:00', '2023-12-31 15:00:00'),
(137, '2023-12-29 11:52:54', 41, 12, 66, '2023-12-31 15:00:00', '2023-12-31 15:00:00'),
(138, '2023-02-12 15:03:48', 10, 91, 7, '2023-12-31 15:00:00', '2023-12-31 15:00:00'),
(139, '2023-07-26 21:27:29', 5, 100, 75, '2023-12-31 15:00:00', '2023-12-31 15:00:00'),
(140, '2023-05-10 18:08:26', 15, 10, 83, '2023-12-31 15:00:00', '2023-12-31 15:00:00'),
(141, '2023-05-14 15:05:23', 2, 84, 15, '2023-12-31 15:00:00', '2023-12-31 15:00:00'),
(142, '2023-08-08 10:14:20', 14, 27, 26, '2023-12-31 15:00:00', '2023-12-31 15:00:00'),
(143, '2023-08-10 13:10:11', 16, 61, 71, '2023-12-31 15:00:00', '2023-12-31 15:00:00'),
(144, '2023-06-05 14:02:59', 49, 18, 70, '2023-12-31 15:00:00', '2023-12-31 15:00:00'),
(145, '2023-10-12 17:18:58', 74, 84, 37, '2023-12-31 15:00:00', '2023-12-31 15:00:00'),
(146, '2023-07-12 15:52:05', 37, 74, 80, '2023-12-31 15:00:00', '2023-12-31 15:00:00'),
(147, '2023-09-07 13:20:24', 19, 80, 6, '2023-12-31 15:00:00', '2023-12-31 15:00:00'),
(148, '2023-10-17 13:01:04', 44, 97, 42, '2023-12-31 15:00:00', '2023-12-31 15:00:00'),
(149, '2023-09-23 18:25:26', 28, 67, 58, '2023-12-31 15:00:00', '2023-12-31 15:00:00'),
(150, '2023-07-17 18:17:46', 21, 2, 58, '2023-12-31 15:00:00', '2023-12-31 15:00:00'),
(151, '2023-07-20 22:39:13', 85, 77, 1, '2023-12-31 15:00:00', '2023-12-31 15:00:00'),
(152, '2023-11-28 18:55:58', 21, 90, 39, '2023-12-31 15:00:00', '2023-12-31 15:00:00'),
(153, '2024-01-04 21:24:34', 108, 77, 45, '2023-12-31 15:00:00', '2023-12-31 15:00:00'),
(154, '2023-11-01 12:23:00', 129, 64, 85, '2023-12-31 15:00:00', '2023-12-31 15:00:00'),
(155, '2023-11-23 18:18:02', 2, 79, 93, '2023-12-31 15:00:00', '2023-12-31 15:00:00'),
(156, '2023-08-23 19:49:37', 2, 46, 81, '2023-12-31 15:00:00', '2023-12-31 15:00:00'),
(157, '2023-06-18 12:52:53', 81, 16, 12, '2023-12-31 15:00:00', '2023-12-31 15:00:00'),
(158, '2023-08-20 18:16:59', 58, 59, 30, '2023-12-31 15:00:00', '2023-12-31 15:00:00'),
(159, '2023-05-06 14:00:30', 56, 13, 28, '2023-12-31 15:00:00', '2023-12-31 15:00:00'),
(160, '2024-01-03 14:23:27', 28, 47, 21, '2023-12-31 15:00:00', '2023-12-31 15:00:00'),
(161, '2023-10-01 17:38:40', 9, 58, 21, '2023-12-31 15:00:00', '2023-12-31 15:00:00'),
(162, '2023-05-02 19:17:13', 126, 54, 16, '2023-12-31 15:00:00', '2023-12-31 15:00:00'),
(163, '2023-09-15 19:50:35', 57, 37, 6, '2023-12-31 15:00:00', '2023-12-31 15:00:00'),
(164, '2023-10-09 15:10:15', 97, 66, 99, '2023-12-31 15:00:00', '2023-12-31 15:00:00'),
(165, '2024-01-19 11:03:21', 41, 24, 35, '2023-12-31 15:00:00', '2023-12-31 15:00:00'),
(166, '2023-09-26 14:02:27', 55, 83, 4, '2023-12-31 15:00:00', '2023-12-31 15:00:00'),
(167, '2024-02-03 12:44:43', 68, 37, 62, '2023-12-31 15:00:00', '2023-12-31 15:00:00'),
(168, '2023-12-25 18:57:56', 46, 28, 11, '2023-12-31 15:00:00', '2023-12-31 15:00:00'),
(169, '2023-06-28 15:33:11', 11, 56, 41, '2023-12-31 15:00:00', '2023-12-31 15:00:00'),
(170, '2023-03-10 17:14:03', 93, 75, 60, '2023-12-31 15:00:00', '2023-12-31 15:00:00'),
(171, '2023-04-22 20:19:01', 70, 63, 65, '2023-12-31 15:00:00', '2023-12-31 15:00:00'),
(172, '2023-12-20 19:18:44', 61, 72, 70, '2023-12-31 15:00:00', '2023-12-31 15:00:00'),
(173, '2023-09-23 11:46:52', 150, 33, 43, '2023-12-31 15:00:00', '2023-12-31 15:00:00'),
(174, '2023-06-09 17:56:53', 23, 47, 27, '2023-12-31 15:00:00', '2023-12-31 15:00:00'),
(175, '2023-12-23 10:58:30', 61, 71, 54, '2023-12-31 15:00:00', '2023-12-31 15:00:00'),
(176, '2023-05-17 19:39:37', 47, 46, 2, '2023-12-31 15:00:00', '2023-12-31 15:00:00'),
(177, '2023-09-30 17:15:19', 83, 76, 48, '2023-12-31 15:00:00', '2023-12-31 15:00:00'),
(178, '2023-07-30 12:07:22', 5, 12, 69, '2023-12-31 15:00:00', '2023-12-31 15:00:00'),
(179, '2023-05-06 13:55:13', 63, 21, 56, '2023-12-31 15:00:00', '2023-12-31 15:00:00'),
(180, '2024-01-10 17:11:05', 67, 39, 6, '2023-12-31 15:00:00', '2023-12-31 15:00:00'),
(181, '2023-03-04 14:16:36', 18, 13, 81, '2023-12-31 15:00:00', '2023-12-31 15:00:00'),
(182, '2023-07-16 11:03:01', 44, 72, 68, '2023-12-31 15:00:00', '2023-12-31 15:00:00'),
(183, '2023-04-15 22:54:27', 63, 82, 33, '2023-12-31 15:00:00', '2023-12-31 15:00:00'),
(184, '2023-09-20 18:34:09', 87, 20, 80, '2023-12-31 15:00:00', '2023-12-31 15:00:00'),
(185, '2024-01-14 12:56:10', 62, 70, 68, '2023-12-31 15:00:00', '2023-12-31 15:00:00'),
(186, '2023-09-19 17:33:15', 13, 28, 50, '2023-12-31 15:00:00', '2023-12-31 15:00:00'),
(187, '2023-10-04 19:08:35', 60, 82, 32, '2023-12-31 15:00:00', '2023-12-31 15:00:00'),
(188, '2023-06-03 19:03:51', 46, 59, 100, '2023-12-31 15:00:00', '2023-12-31 15:00:00'),
(189, '2023-11-23 17:25:38', 9, 25, 49, '2023-12-31 15:00:00', '2023-12-31 15:00:00'),
(190, '2023-03-30 20:19:48', 21, 69, 17, '2023-12-31 15:00:00', '2023-12-31 15:00:00'),
(191, '2023-09-04 12:28:30', 27, 34, 92, '2023-12-31 15:00:00', '2023-12-31 15:00:00'),
(192, '2023-03-23 21:29:34', 8, 69, 31, '2023-12-31 15:00:00', '2023-12-31 15:00:00'),
(193, '2023-02-12 17:53:53', 67, 92, 83, '2023-12-31 15:00:00', '2023-12-31 15:00:00'),
(194, '2023-03-05 17:09:27', 23, 85, 67, '2023-12-31 15:00:00', '2023-12-31 15:00:00'),
(195, '2023-11-15 19:49:23', 83, 28, 23, '2023-12-31 15:00:00', '2023-12-31 15:00:00'),
(196, '2023-07-11 12:25:17', 39, 25, 11, '2023-12-31 15:00:00', '2023-12-31 15:00:00'),
(197, '2023-09-16 20:09:18', 40, 69, 76, '2023-12-31 15:00:00', '2023-12-31 15:00:00'),
(198, '2023-10-18 18:21:31', 20, 18, 99, '2023-12-31 15:00:00', '2023-12-31 15:00:00'),
(199, '2023-12-29 15:00:49', 101, 22, 50, '2023-12-31 15:00:00', '2023-12-31 15:00:00'),
(200, '2023-05-16 10:10:36', 7, 85, 99, '2023-12-31 15:00:00', '2023-12-31 15:00:00'),
(201, '2023-10-15 14:43:20', 58, 14, 94, '2023-12-31 15:00:00', '2023-12-31 15:00:00'),
(202, '2023-10-17 13:11:01', 52, 48, 89, '2023-12-31 15:00:00', '2023-12-31 15:00:00'),
(203, '2023-07-24 22:09:23', 56, 91, 35, '2023-12-31 15:00:00', '2023-12-31 15:00:00'),
(204, '2023-07-23 12:35:27', 17, 56, 95, '2023-12-31 15:00:00', '2023-12-31 15:00:00'),
(205, '2023-09-19 18:37:34', 63, 61, 30, '2023-12-31 15:00:00', '2023-12-31 15:00:00'),
(206, '2023-03-14 19:55:13', 21, 65, 44, '2023-12-31 15:00:00', '2023-12-31 15:00:00'),
(207, '2024-01-18 16:55:26', 13, 1, 81, '2023-12-31 15:00:00', '2023-12-31 15:00:00'),
(208, '2023-06-09 10:59:43', 33, 68, 60, '2023-12-31 15:00:00', '2023-12-31 15:00:00'),
(209, '2023-02-11 20:09:19', 11, 24, 33, '2023-12-31 15:00:00', '2023-12-31 15:00:00'),
(210, '2024-01-10 15:58:27', 81, 44, 62, '2023-12-31 15:00:00', '2023-12-31 15:00:00'),
(211, '2023-02-04 14:17:44', 105, 18, 58, '2023-12-31 15:00:00', '2023-12-31 15:00:00'),
(212, '2023-10-05 14:54:23', 67, 96, 40, '2023-12-31 15:00:00', '2023-12-31 15:00:00'),
(213, '2023-09-15 14:03:31', 21, 17, 37, '2023-12-31 15:00:00', '2023-12-31 15:00:00'),
(214, '2023-09-16 11:35:59', 29, 20, 36, '2023-12-31 15:00:00', '2023-12-31 15:00:00'),
(215, '2023-06-15 10:24:28', 110, 44, 60, '2023-12-31 15:00:00', '2023-12-31 15:00:00'),
(216, '2023-05-25 13:57:10', 65, 62, 1, '2023-12-31 15:00:00', '2023-12-31 15:00:00'),
(217, '2023-05-05 15:45:13', 86, 21, 40, '2023-12-31 15:00:00', '2023-12-31 15:00:00'),
(218, '2023-09-26 20:16:34', 7, 100, 13, '2023-12-31 15:00:00', '2023-12-31 15:00:00'),
(219, '2023-03-22 13:58:24', 112, 85, 75, '2023-12-31 15:00:00', '2023-12-31 15:00:00'),
(220, '2023-10-28 19:49:22', 13, 24, 80, '2023-12-31 15:00:00', '2023-12-31 15:00:00'),
(221, '2023-12-08 13:41:50', 12, 32, 38, '2023-12-31 15:00:00', '2023-12-31 15:00:00'),
(222, '2023-03-31 11:57:02', 18, 23, 61, '2023-12-31 15:00:00', '2023-12-31 15:00:00'),
(223, '2023-09-29 18:02:30', 30, 46, 25, '2023-12-31 15:00:00', '2023-12-31 15:00:00'),
(224, '2023-01-31 19:38:04', 35, 37, 37, '2023-12-31 15:00:00', '2023-12-31 15:00:00'),
(225, '2023-09-08 16:02:48', 80, 73, 40, '2023-12-31 15:00:00', '2023-12-31 15:00:00'),
(226, '2024-01-02 16:57:16', 36, 23, 44, '2023-12-31 15:00:00', '2023-12-31 15:00:00'),
(227, '2023-10-08 18:34:00', 73, 50, 11, '2023-12-31 15:00:00', '2023-12-31 15:00:00'),
(228, '2023-06-14 15:37:53', 51, 24, 76, '2023-12-31 15:00:00', '2023-12-31 15:00:00'),
(229, '2023-10-07 16:11:49', 22, 89, 97, '2023-12-31 15:00:00', '2023-12-31 15:00:00'),
(230, '2023-06-12 21:55:55', 17, 79, 96, '2023-12-31 15:00:00', '2023-12-31 15:00:00'),
(231, '2023-09-08 15:19:07', 16, 39, 17, '2023-12-31 15:00:00', '2023-12-31 15:00:00'),
(232, '2023-08-30 15:08:05', 26, 71, 3, '2023-12-31 15:00:00', '2023-12-31 15:00:00'),
(233, '2023-09-17 13:48:54', 8, 15, 53, '2023-12-31 15:00:00', '2023-12-31 15:00:00'),
(234, '2023-02-13 14:46:46', 43, 50, 54, '2023-12-31 15:00:00', '2023-12-31 15:00:00'),
(235, '2023-03-14 18:18:10', 62, 25, 32, '2023-12-31 15:00:00', '2023-12-31 15:00:00'),
(236, '2023-09-27 10:04:24', 20, 100, 54, '2023-12-31 15:00:00', '2023-12-31 15:00:00'),
(237, '2023-03-06 17:11:49', 57, 7, 67, '2023-12-31 15:00:00', '2023-12-31 15:00:00'),
(238, '2023-07-31 18:47:34', 36, 32, 28, '2023-12-31 15:00:00', '2023-12-31 15:00:00'),
(239, '2023-04-26 13:56:43', 56, 41, 24, '2023-12-31 15:00:00', '2023-12-31 15:00:00'),
(240, '2023-07-02 18:53:53', 48, 69, 63, '2023-12-31 15:00:00', '2023-12-31 15:00:00'),
(241, '2023-04-06 15:08:11', 60, 51, 50, '2023-12-31 15:00:00', '2023-12-31 15:00:00'),
(242, '2023-04-06 13:46:45', 34, 25, 93, '2023-12-31 15:00:00', '2023-12-31 15:00:00'),
(243, '2023-07-23 10:34:11', 2, 34, 38, '2023-12-31 15:00:00', '2023-12-31 15:00:00'),
(244, '2023-04-03 15:38:14', 44, 90, 70, '2023-12-31 15:00:00', '2023-12-31 15:00:00'),
(245, '2023-09-25 15:59:00', 45, 59, 95, '2023-12-31 15:00:00', '2023-12-31 15:00:00'),
(246, '2023-03-23 14:43:45', 29, 12, 68, '2023-12-31 15:00:00', '2023-12-31 15:00:00'),
(247, '2023-11-01 11:58:16', 36, 61, 27, '2023-12-31 15:00:00', '2023-12-31 15:00:00'),
(248, '2023-04-16 18:59:52', 42, 22, 101, '2023-12-31 15:00:00', '2023-12-31 15:00:00'),
(249, '2023-01-31 19:39:08', 46, 12, 18, '2023-12-31 15:00:00', '2023-12-31 15:00:00'),
(250, '2023-04-25 16:16:54', 63, 84, 88, '2023-12-31 15:00:00', '2023-12-31 15:00:00'),
(251, '2024-01-13 11:58:29', 28, 23, 34, '2023-12-31 15:00:00', '2023-12-31 15:00:00'),
(252, '2023-03-18 11:03:56', 77, 93, 56, '2023-12-31 15:00:00', '2023-12-31 15:00:00'),
(253, '2023-04-03 19:39:41', 47, 33, 14, '2023-12-31 15:00:00', '2023-12-31 15:00:00'),
(254, '2023-03-08 18:18:52', 2, 35, 49, '2023-12-31 15:00:00', '2023-12-31 15:00:00'),
(255, '2023-05-14 22:13:33', 12, 21, 53, '2023-12-31 15:00:00', '2023-12-31 15:00:00'),
(256, '2023-06-23 21:11:41', 112, 55, 41, '2023-12-31 15:00:00', '2023-12-31 15:00:00'),
(257, '2023-04-10 20:12:55', 27, 38, 32, '2023-12-31 15:00:00', '2023-12-31 15:00:00'),
(258, '2023-12-12 10:10:27', 4, 89, 14, '2023-12-31 15:00:00', '2023-12-31 15:00:00'),
(259, '2023-07-08 16:17:28', 9, 23, 19, '2023-12-31 15:00:00', '2023-12-31 15:00:00'),
(260, '2023-11-17 15:11:59', 78, 22, 65, '2023-12-31 15:00:00', '2023-12-31 15:00:00'),
(261, '2024-01-28 18:50:45', 40, 2, 39, '2023-12-31 15:00:00', '2023-12-31 15:00:00'),
(262, '2023-12-27 20:25:36', 28, 69, 29, '2023-12-31 15:00:00', '2023-12-31 15:00:00'),
(263, '2023-12-18 17:13:30', 96, 8, 32, '2023-12-31 15:00:00', '2023-12-31 15:00:00'),
(264, '2024-01-14 11:13:27', 75, 98, 20, '2023-12-31 15:00:00', '2023-12-31 15:00:00'),
(265, '2023-11-16 12:31:12', 33, 89, 98, '2023-12-31 15:00:00', '2023-12-31 15:00:00'),
(266, '2023-02-16 18:50:30', 35, 38, 87, '2023-12-31 15:00:00', '2023-12-31 15:00:00'),
(267, '2023-04-29 19:10:09', 37, 50, 85, '2023-12-31 15:00:00', '2023-12-31 15:00:00'),
(268, '2024-01-14 21:39:15', 101, 8, 48, '2023-12-31 15:00:00', '2023-12-31 15:00:00'),
(269, '2023-06-23 13:18:15', 66, 83, 46, '2023-12-31 15:00:00', '2023-12-31 15:00:00'),
(270, '2023-08-08 21:48:10', 87, 7, 55, '2023-12-31 15:00:00', '2023-12-31 15:00:00'),
(271, '2024-02-03 11:06:33', 63, 29, 4, '2023-12-31 15:00:00', '2023-12-31 15:00:00'),
(272, '2023-12-21 16:15:09', 72, 85, 70, '2023-12-31 15:00:00', '2023-12-31 15:00:00'),
(273, '2023-06-18 10:09:54', 22, 45, 101, '2023-12-31 15:00:00', '2023-12-31 15:00:00'),
(274, '2023-04-04 17:41:47', 28, 17, 26, '2023-12-31 15:00:00', '2023-12-31 15:00:00'),
(275, '2023-03-18 12:38:05', 113, 44, 90, '2023-12-31 15:00:00', '2023-12-31 15:00:00'),
(276, '2023-06-29 19:03:20', 94, 17, 16, '2023-12-31 15:00:00', '2023-12-31 15:00:00'),
(277, '2023-10-29 19:44:46', 39, 100, 4, '2023-12-31 15:00:00', '2023-12-31 15:00:00'),
(278, '2023-08-20 16:06:33', 23, 35, 70, '2023-12-31 15:00:00', '2023-12-31 15:00:00'),
(279, '2023-04-05 17:37:26', 31, 86, 88, '2023-12-31 15:00:00', '2023-12-31 15:00:00'),
(280, '2024-01-31 18:44:24', 71, 62, 64, '2023-12-31 15:00:00', '2023-12-31 15:00:00'),
(281, '2023-04-22 15:50:40', 89, 11, 62, '2023-12-31 15:00:00', '2023-12-31 15:00:00'),
(282, '2023-05-31 12:34:19', 1, 49, 74, '2023-12-31 15:00:00', '2023-12-31 15:00:00'),
(283, '2023-08-25 15:43:44', 107, 44, 50, '2023-12-31 15:00:00', '2023-12-31 15:00:00'),
(284, '2023-02-17 12:47:49', 120, 10, 73, '2023-12-31 15:00:00', '2023-12-31 15:00:00'),
(285, '2023-03-05 14:16:52', 106, 88, 14, '2023-12-31 15:00:00', '2023-12-31 15:00:00'),
(286, '2023-12-10 17:50:57', 51, 27, 53, '2023-12-31 15:00:00', '2023-12-31 15:00:00'),
(287, '2023-12-16 15:32:08', 24, 26, 18, '2023-12-31 15:00:00', '2023-12-31 15:00:00'),
(288, '2023-04-22 21:27:45', 79, 75, 89, '2023-12-31 15:00:00', '2023-12-31 15:00:00'),
(289, '2023-09-07 18:52:03', 8, 46, 70, '2023-12-31 15:00:00', '2023-12-31 15:00:00'),
(290, '2023-03-20 13:07:39', 18, 56, 61, '2023-12-31 15:00:00', '2023-12-31 15:00:00'),
(291, '2023-04-15 12:26:54', 48, 68, 20, '2023-12-31 15:00:00', '2023-12-31 15:00:00'),
(292, '2023-03-08 10:51:49', 42, 45, 75, '2023-12-31 15:00:00', '2023-12-31 15:00:00'),
(293, '2023-06-27 14:08:03', 81, 95, 5, '2023-12-31 15:00:00', '2023-12-31 15:00:00'),
(294, '2023-10-16 16:28:36', 37, 87, 41, '2023-12-31 15:00:00', '2023-12-31 15:00:00'),
(295, '2023-10-27 16:59:10', 38, 16, 40, '2023-12-31 15:00:00', '2023-12-31 15:00:00'),
(296, '2024-01-28 18:46:36', 132, 32, 60, '2023-12-31 15:00:00', '2023-12-31 15:00:00'),
(297, '2023-07-05 15:16:56', 81, 62, 38, '2023-12-31 15:00:00', '2023-12-31 15:00:00'),
(298, '2023-04-17 13:45:04', 24, 13, 28, '2023-12-31 15:00:00', '2023-12-31 15:00:00'),
(299, '2024-01-11 14:03:15', 70, 83, 18, '2023-12-31 15:00:00', '2023-12-31 15:00:00'),
(300, '2023-06-02 11:20:59', 6, 25, 70, '2023-12-31 15:00:00', '2023-12-31 15:00:00'),
(301, '2023-02-14 14:03:05', 72, 83, 49, '2023-12-31 15:00:00', '2023-12-31 15:00:00'),
(302, '2023-07-08 10:20:40', 44, 34, 5, '2023-12-31 15:00:00', '2023-12-31 15:00:00'),
(303, '2023-03-22 18:36:50', 64, 5, 81, '2023-12-31 15:00:00', '2023-12-31 15:00:00'),
(304, '2023-05-30 20:03:21', 60, 82, 97, '2023-12-31 15:00:00', '2023-12-31 15:00:00'),
(305, '2023-12-18 12:16:49', 24, 16, 74, '2023-12-31 15:00:00', '2023-12-31 15:00:00'),
(306, '2023-03-23 11:36:46', 69, 10, 73, '2023-12-31 15:00:00', '2023-12-31 15:00:00'),
(307, '2023-03-30 09:55:02', 47, 51, 14, '2023-12-31 15:00:00', '2023-12-31 15:00:00'),
(308, '2023-05-31 19:36:38', 124, 65, 88, '2023-12-31 15:00:00', '2023-12-31 15:00:00'),
(309, '2023-05-22 11:01:28', 30, 38, 79, '2023-12-31 15:00:00', '2023-12-31 15:00:00'),
(310, '2023-06-08 14:38:19', 12, 35, 14, '2023-12-31 15:00:00', '2023-12-31 15:00:00'),
(311, '2023-10-03 21:22:04', 29, 4, 3, '2023-12-31 15:00:00', '2023-12-31 15:00:00'),
(312, '2024-01-26 10:41:30', 98, 55, 6, '2023-12-31 15:00:00', '2023-12-31 15:00:00'),
(313, '2023-11-10 12:38:07', 22, 25, 5, '2023-12-31 15:00:00', '2023-12-31 15:00:00'),
(314, '2023-05-02 19:35:41', 90, 39, 94, '2023-12-31 15:00:00', '2023-12-31 15:00:00'),
(315, '2023-06-25 17:03:46', 138, 99, 70, '2023-12-31 15:00:00', '2023-12-31 15:00:00'),
(316, '2023-07-24 12:52:31', 66, 29, 43, '2023-12-31 15:00:00', '2023-12-31 15:00:00'),
(317, '2023-05-23 17:55:51', 130, 11, 28, '2023-12-31 15:00:00', '2023-12-31 15:00:00'),
(318, '2023-06-19 16:46:33', 3, 57, 95, '2023-12-31 15:00:00', '2023-12-31 15:00:00'),
(319, '2023-02-06 18:15:21', 57, 38, 54, '2023-12-31 15:00:00', '2023-12-31 15:00:00'),
(320, '2023-06-18 20:22:55', 21, 30, 75, '2023-12-31 15:00:00', '2023-12-31 15:00:00'),
(321, '2023-09-12 19:52:18', 31, 57, 38, '2023-12-31 15:00:00', '2023-12-31 15:00:00'),
(322, '2023-05-11 15:31:11', 78, 66, 31, '2023-12-31 15:00:00', '2023-12-31 15:00:00'),
(323, '2023-08-23 17:29:48', 46, 95, 58, '2023-12-31 15:00:00', '2023-12-31 15:00:00'),
(324, '2023-08-29 22:24:23', 5, 87, 56, '2023-12-31 15:00:00', '2023-12-31 15:00:00'),
(325, '2023-02-18 15:43:48', 59, 37, 101, '2023-12-31 15:00:00', '2023-12-31 15:00:00'),
(326, '2023-02-22 12:18:59', 14, 70, 81, '2023-12-31 15:00:00', '2023-12-31 15:00:00'),
(327, '2024-01-07 10:27:57', 85, 94, 70, '2023-12-31 15:00:00', '2023-12-31 15:00:00'),
(328, '2023-02-11 19:56:11', 39, 34, 6, '2023-12-31 15:00:00', '2023-12-31 15:00:00'),
(329, '2023-02-05 19:25:16', 47, 35, 96, '2023-12-31 15:00:00', '2023-12-31 15:00:00'),
(330, '2023-04-06 10:23:15', 52, 11, 92, '2023-12-31 15:00:00', '2023-12-31 15:00:00'),
(331, '2023-12-28 19:48:52', 64, 70, 57, '2023-12-31 15:00:00', '2023-12-31 15:00:00'),
(332, '2023-04-24 11:58:15', 50, 90, 55, '2023-12-31 15:00:00', '2023-12-31 15:00:00'),
(333, '2023-06-26 13:10:21', 64, 71, 84, '2023-12-31 15:00:00', '2023-12-31 15:00:00'),
(334, '2023-12-28 17:51:33', 59, 26, 85, '2023-12-31 15:00:00', '2023-12-31 15:00:00'),
(335, '2023-04-06 15:25:55', 94, 55, 88, '2023-12-31 15:00:00', '2023-12-31 15:00:00'),
(336, '2023-02-22 12:13:04', 3, 36, 13, '2023-12-31 15:00:00', '2023-12-31 15:00:00'),
(337, '2023-12-25 15:18:08', 39, 27, 85, '2023-12-31 15:00:00', '2023-12-31 15:00:00'),
(338, '2023-04-10 15:11:52', 35, 3, 17, '2023-12-31 15:00:00', '2023-12-31 15:00:00'),
(339, '2023-06-30 16:03:17', 116, 8, 80, '2023-12-31 15:00:00', '2023-12-31 15:00:00'),
(340, '2023-09-19 13:00:46', 63, 72, 61, '2023-12-31 15:00:00', '2023-12-31 15:00:00'),
(341, '2023-06-02 15:44:12', 38, 95, 11, '2023-12-31 15:00:00', '2023-12-31 15:00:00'),
(342, '2023-08-05 15:49:41', 2, 24, 20, '2023-12-31 15:00:00', '2023-12-31 15:00:00'),
(343, '2023-07-18 19:19:16', 81, 96, 63, '2023-12-31 15:00:00', '2023-12-31 15:00:00'),
(344, '2023-09-17 19:40:09', 16, 57, 71, '2023-12-31 15:00:00', '2023-12-31 15:00:00'),
(345, '2023-09-13 16:43:46', 37, 43, 27, '2023-12-31 15:00:00', '2023-12-31 15:00:00'),
(346, '2023-03-28 15:53:12', 36, 68, 70, '2023-12-31 15:00:00', '2023-12-31 15:00:00'),
(347, '2023-05-03 22:13:44', 104, 8, 19, '2023-12-31 15:00:00', '2023-12-31 15:00:00'),
(348, '2023-07-24 15:08:37', 89, 19, 89, '2023-12-31 15:00:00', '2023-12-31 15:00:00'),
(349, '2023-04-10 12:45:07', 10, 62, 39, '2023-12-31 15:00:00', '2023-12-31 15:00:00'),
(350, '2024-01-18 11:12:35', 93, 99, 88, '2023-12-31 15:00:00', '2023-12-31 15:00:00'),
(351, '2023-02-07 19:35:55', 20, 89, 50, '2023-12-31 15:00:00', '2023-12-31 15:00:00'),
(352, '2023-10-16 17:12:26', 40, 56, 70, '2023-12-31 15:00:00', '2023-12-31 15:00:00'),
(353, '2023-07-24 19:29:36', 45, 89, 12, '2023-12-31 15:00:00', '2023-12-31 15:00:00'),
(354, '2023-04-22 11:56:16', 43, 34, 34, '2023-12-31 15:00:00', '2023-12-31 15:00:00'),
(355, '2023-07-04 20:03:15', 55, 21, 79, '2023-12-31 15:00:00', '2023-12-31 15:00:00'),
(356, '2023-07-02 16:18:11', 52, 40, 32, '2023-12-31 15:00:00', '2023-12-31 15:00:00'),
(357, '2024-01-17 15:57:07', 36, 50, 13, '2023-12-31 15:00:00', '2023-12-31 15:00:00'),
(358, '2024-01-28 18:55:38', 66, 3, 39, '2023-12-31 15:00:00', '2023-12-31 15:00:00'),
(359, '2023-09-21 14:45:05', 67, 28, 91, '2023-12-31 15:00:00', '2023-12-31 15:00:00'),
(360, '2023-06-30 14:54:23', 41, 61, 3, '2023-12-31 15:00:00', '2023-12-31 15:00:00'),
(361, '2023-07-24 15:31:44', 19, 36, 24, '2023-12-31 15:00:00', '2023-12-31 15:00:00'),
(362, '2024-01-14 13:51:02', 2, 25, 16, '2023-12-31 15:00:00', '2023-12-31 15:00:00'),
(363, '2023-04-05 10:32:45', 35, 92, 78, '2023-12-31 15:00:00', '2023-12-31 15:00:00'),
(364, '2023-11-27 14:30:26', 119, 20, 62, '2023-12-31 15:00:00', '2023-12-31 15:00:00'),
(365, '2023-03-02 15:11:41', 63, 71, 90, '2023-12-31 15:00:00', '2023-12-31 15:00:00'),
(366, '2023-12-09 10:36:47', 14, 67, 90, '2023-12-31 15:00:00', '2023-12-31 15:00:00'),
(367, '2023-03-03 12:58:54', 53, 25, 68, '2023-12-31 15:00:00', '2023-12-31 15:00:00'),
(368, '2023-06-11 14:46:14', 37, 1, 70, '2023-12-31 15:00:00', '2023-12-31 15:00:00'),
(369, '2023-04-09 21:25:03', 82, 31, 57, '2023-12-31 15:00:00', '2023-12-31 15:00:00'),
(370, '2023-05-05 20:50:48', 106, 55, 24, '2023-12-31 15:00:00', '2023-12-31 15:00:00'),
(371, '2023-07-21 14:03:58', 79, 10, 91, '2023-12-31 15:00:00', '2023-12-31 15:00:00'),
(372, '2023-08-09 18:51:50', 79, 26, 56, '2023-12-31 15:00:00', '2023-12-31 15:00:00'),
(373, '2023-10-05 13:26:13', 124, 10, 19, '2023-12-31 15:00:00', '2023-12-31 15:00:00'),
(374, '2023-02-08 15:40:35', 64, 43, 53, '2023-12-31 15:00:00', '2023-12-31 15:00:00'),
(375, '2023-03-17 14:22:34', 83, 61, 82, '2023-12-31 15:00:00', '2023-12-31 15:00:00'),
(376, '2023-05-22 11:25:36', 23, 29, 82, '2023-12-31 15:00:00', '2023-12-31 15:00:00'),
(377, '2023-05-17 12:05:52', 104, 62, 92, '2023-12-31 15:00:00', '2023-12-31 15:00:00'),
(378, '2023-09-14 15:08:28', 35, 72, 12, '2023-12-31 15:00:00', '2023-12-31 15:00:00'),
(379, '2023-05-29 15:42:14', 75, 43, 24, '2023-12-31 15:00:00', '2023-12-31 15:00:00'),
(380, '2023-06-27 19:46:25', 30, 23, 87, '2023-12-31 15:00:00', '2023-12-31 15:00:00'),
(381, '2023-09-05 19:59:37', 100, 97, 86, '2023-12-31 15:00:00', '2023-12-31 15:00:00'),
(382, '2023-06-25 19:55:47', 43, 12, 52, '2023-12-31 15:00:00', '2023-12-31 15:00:00'),
(383, '2024-01-09 15:30:07', 3, 61, 44, '2023-12-31 15:00:00', '2023-12-31 15:00:00'),
(384, '2023-09-27 13:14:38', 42, 73, 25, '2023-12-31 15:00:00', '2023-12-31 15:00:00'),
(385, '2023-04-16 14:44:38', 18, 32, 19, '2023-12-31 15:00:00', '2023-12-31 15:00:00'),
(386, '2023-04-23 14:33:43', 111, 85, 59, '2023-12-31 15:00:00', '2023-12-31 15:00:00'),
(387, '2023-03-12 14:47:16', 35, 36, 30, '2023-12-31 15:00:00', '2023-12-31 15:00:00'),
(388, '2023-08-11 13:22:42', 140, 65, 92, '2023-12-31 15:00:00', '2023-12-31 15:00:00'),
(389, '2023-03-15 10:00:46', 65, 17, 19, '2023-12-31 15:00:00', '2023-12-31 15:00:00'),
(390, '2023-08-09 21:54:11', 35, 87, 64, '2023-12-31 15:00:00', '2023-12-31 15:00:00'),
(391, '2023-04-22 12:59:31', 39, 93, 69, '2023-12-31 15:00:00', '2023-12-31 15:00:00'),
(392, '2023-03-10 16:33:31', 67, 9, 71, '2023-12-31 15:00:00', '2023-12-31 15:00:00'),
(393, '2023-10-22 14:13:57', 29, 13, 46, '2023-12-31 15:00:00', '2023-12-31 15:00:00'),
(394, '2023-06-04 13:05:04', 51, 41, 17, '2023-12-31 15:00:00', '2023-12-31 15:00:00'),
(395, '2023-10-14 13:18:25', 77, 81, 49, '2023-12-31 15:00:00', '2023-12-31 15:00:00'),
(396, '2023-11-05 19:29:11', 31, 87, 88, '2023-12-31 15:00:00', '2023-12-31 15:00:00'),
(397, '2023-11-01 19:06:49', 11, 58, 70, '2023-12-31 15:00:00', '2023-12-31 15:00:00'),
(398, '2023-12-18 18:29:29', 63, 98, 39, '2023-12-31 15:00:00', '2023-12-31 15:00:00'),
(399, '2024-01-22 10:44:35', 52, 85, 89, '2023-12-31 15:00:00', '2023-12-31 15:00:00'),
(400, '2023-08-11 17:51:58', 40, 81, 32, '2023-12-31 15:00:00', '2023-12-31 15:00:00'),
(401, '2023-02-26 18:17:17', 34, 90, 81, '2023-12-31 15:00:00', '2023-12-31 15:00:00'),
(402, '2023-06-08 17:30:58', 70, 58, 2, '2023-12-31 15:00:00', '2023-12-31 15:00:00'),
(403, '2023-05-01 22:47:41', 46, 6, 70, '2023-12-31 15:00:00', '2023-12-31 15:00:00'),
(404, '2023-03-27 15:52:26', 60, 64, 98, '2023-12-31 15:00:00', '2023-12-31 15:00:00'),
(405, '2023-04-24 19:57:05', 64, 18, 52, '2023-12-31 15:00:00', '2023-12-31 15:00:00'),
(406, '2023-10-26 12:03:29', 68, 53, 17, '2023-12-31 15:00:00', '2023-12-31 15:00:00'),
(407, '2023-11-13 16:35:14', 77, 39, 38, '2023-12-31 15:00:00', '2023-12-31 15:00:00'),
(408, '2023-11-04 19:47:43', 7, 45, 86, '2023-12-31 15:00:00', '2023-12-31 15:00:00'),
(409, '2023-06-03 17:31:40', 6, 79, 2, '2023-12-31 15:00:00', '2023-12-31 15:00:00'),
(410, '2024-01-04 18:49:40', 6, 62, 86, '2023-12-31 15:00:00', '2023-12-31 15:00:00'),
(411, '2023-11-02 13:42:31', 50, 90, 94, '2023-12-31 15:00:00', '2023-12-31 15:00:00'),
(412, '2023-05-31 13:20:48', 87, 5, 43, '2023-12-31 15:00:00', '2023-12-31 15:00:00'),
(413, '2023-08-03 17:53:22', 50, 10, 99, '2023-12-31 15:00:00', '2023-12-31 15:00:00'),
(414, '2023-02-12 13:04:35', 9, 80, 33, '2023-12-31 15:00:00', '2023-12-31 15:00:00'),
(415, '2023-04-13 18:21:42', 36, 26, 15, '2023-12-31 15:00:00', '2023-12-31 15:00:00'),
(416, '2024-01-01 21:12:01', 43, 100, 76, '2023-12-31 15:00:00', '2023-12-31 15:00:00'),
(417, '2023-11-30 19:22:07', 80, 39, 28, '2023-12-31 15:00:00', '2023-12-31 15:00:00'),
(418, '2023-05-11 15:41:25', 89, 93, 13, '2023-12-31 15:00:00', '2023-12-31 15:00:00'),
(419, '2023-09-19 15:58:41', 10, 56, 17, '2023-12-31 15:00:00', '2023-12-31 15:00:00'),
(420, '2023-04-02 17:25:41', 10, 14, 5, '2023-12-31 15:00:00', '2023-12-31 15:00:00'),
(421, '2023-10-18 16:28:55', 42, 88, 89, '2023-12-31 15:00:00', '2023-12-31 15:00:00'),
(422, '2023-04-24 11:05:13', 51, 72, 40, '2023-12-31 15:00:00', '2023-12-31 15:00:00'),
(423, '2023-05-31 16:41:46', 133, 10, 64, '2023-12-31 15:00:00', '2023-12-31 15:00:00'),
(424, '2023-03-19 16:06:34', 2, 90, 74, '2023-12-31 15:00:00', '2023-12-31 15:00:00'),
(425, '2024-01-22 10:08:38', 46, 56, 63, '2023-12-31 15:00:00', '2023-12-31 15:00:00'),
(426, '2023-12-30 17:45:34', 88, 65, 14, '2023-12-31 15:00:00', '2023-12-31 15:00:00'),
(427, '2023-08-25 13:24:23', 7, 51, 27, '2023-12-31 15:00:00', '2023-12-31 15:00:00'),
(428, '2023-12-03 16:22:59', 5, 8, 70, '2023-12-31 15:00:00', '2023-12-31 15:00:00'),
(429, '2023-12-12 17:34:54', 8, 19, 6, '2023-12-31 15:00:00', '2023-12-31 15:00:00'),
(430, '2023-05-07 13:25:13', 89, 38, 16, '2023-12-31 15:00:00', '2023-12-31 15:00:00'),
(431, '2023-09-02 18:14:35', 27, 78, 28, '2023-12-31 15:00:00', '2023-12-31 15:00:00'),
(432, '2023-10-24 13:34:11', 95, 94, 19, '2023-12-31 15:00:00', '2023-12-31 15:00:00'),
(433, '2023-05-22 18:33:48', 3, 79, 85, '2023-12-31 15:00:00', '2023-12-31 15:00:00'),
(434, '2023-05-08 12:51:24', 36, 20, 23, '2023-12-31 15:00:00', '2023-12-31 15:00:00'),
(435, '2024-01-22 12:27:46', 26, 12, 51, '2023-12-31 15:00:00', '2023-12-31 15:00:00'),
(436, '2023-02-17 10:49:30', 47, 23, 91, '2023-12-31 15:00:00', '2023-12-31 15:00:00'),
(437, '2024-01-17 19:38:00', 33, 90, 69, '2023-12-31 15:00:00', '2023-12-31 15:00:00'),
(438, '2023-02-10 17:24:00', 53, 4, 61, '2023-12-31 15:00:00', '2023-12-31 15:00:00'),
(439, '2023-06-29 16:10:37', 131, 32, 16, '2023-12-31 15:00:00', '2023-12-31 15:00:00'),
(440, '2024-01-22 15:06:11', 63, 36, 7, '2023-12-31 15:00:00', '2023-12-31 15:00:00'),
(441, '2023-11-08 17:20:53', 48, 44, 19, '2023-12-31 15:00:00', '2023-12-31 15:00:00'),
(442, '2023-04-30 13:29:50', 97, 28, 52, '2023-12-31 15:00:00', '2023-12-31 15:00:00'),
(443, '2023-03-26 15:51:20', 75, 81, 27, '2023-12-31 15:00:00', '2023-12-31 15:00:00'),
(444, '2023-06-10 16:07:18', 51, 92, 80, '2023-12-31 15:00:00', '2023-12-31 15:00:00'),
(445, '2023-08-04 18:01:02', 84, 85, 11, '2023-12-31 15:00:00', '2023-12-31 15:00:00'),
(446, '2024-01-18 18:43:37', 14, 83, 23, '2023-12-31 15:00:00', '2023-12-31 15:00:00'),
(447, '2023-10-01 15:25:12', 20, 14, 67, '2023-12-31 15:00:00', '2023-12-31 15:00:00'),
(448, '2023-05-03 22:00:32', 69, 50, 11, '2023-12-31 15:00:00', '2023-12-31 15:00:00'),
(449, '2023-12-30 15:26:58', 51, 72, 13, '2023-12-31 15:00:00', '2023-12-31 15:00:00'),
(450, '2023-05-31 16:18:24', 49, 8, 85, '2023-12-31 15:00:00', '2023-12-31 15:00:00'),
(451, '2023-12-11 15:40:22', 37, 90, 92, '2023-12-31 15:00:00', '2023-12-31 15:00:00'),
(452, '2023-04-24 13:55:52', 23, 17, 36, '2023-12-31 15:00:00', '2023-12-31 15:00:00'),
(453, '2023-11-01 22:02:58', 9, 32, 84, '2023-12-31 15:00:00', '2023-12-31 15:00:00'),
(454, '2023-10-27 19:43:19', 8, 90, 19, '2023-12-31 15:00:00', '2023-12-31 15:00:00'),
(455, '2023-06-11 19:41:57', 18, 56, 39, '2023-12-31 15:00:00', '2023-12-31 15:00:00'),
(456, '2023-03-27 14:20:03', 106, 8, 83, '2023-12-31 15:00:00', '2023-12-31 15:00:00'),
(457, '2023-06-30 10:48:31', 46, 88, 79, '2023-12-31 15:00:00', '2023-12-31 15:00:00'),
(458, '2024-01-07 18:16:53', 42, 89, 94, '2023-12-31 15:00:00', '2023-12-31 15:00:00'),
(459, '2023-03-26 18:05:02', 2, 65, 85, '2023-12-31 15:00:00', '2023-12-31 15:00:00'),
(460, '2023-09-20 21:04:16', 19, 21, 65, '2023-12-31 15:00:00', '2023-12-31 15:00:00'),
(461, '2023-07-20 11:16:40', 43, 14, 55, '2023-12-31 15:00:00', '2023-12-31 15:00:00'),
(462, '2023-11-26 18:15:48', 82, 87, 37, '2023-12-31 15:00:00', '2023-12-31 15:00:00'),
(463, '2024-01-10 16:24:19', 66, 85, 36, '2023-12-31 15:00:00', '2023-12-31 15:00:00'),
(464, '2023-09-13 19:24:49', 23, 18, 27, '2023-12-31 15:00:00', '2023-12-31 15:00:00'),
(465, '2023-11-08 20:17:30', 1, 18, 63, '2023-12-31 15:00:00', '2023-12-31 15:00:00'),
(466, '2023-11-21 10:09:43', 47, 23, 84, '2023-12-31 15:00:00', '2023-12-31 15:00:00'),
(467, '2023-04-16 19:27:53', 2, 12, 9, '2023-12-31 15:00:00', '2023-12-31 15:00:00'),
(468, '2023-03-01 22:59:57', 125, 22, 95, '2023-12-31 15:00:00', '2023-12-31 15:00:00'),
(469, '2023-08-18 18:22:57', 39, 57, 100, '2023-12-31 15:00:00', '2023-12-31 15:00:00'),
(470, '2023-04-04 14:46:44', 75, 61, 25, '2023-12-31 15:00:00', '2023-12-31 15:00:00'),
(471, '2023-09-03 11:05:47', 102, 11, 1, '2023-12-31 15:00:00', '2023-12-31 15:00:00'),
(472, '2023-04-16 12:24:29', 150, 99, 75, '2023-12-31 15:00:00', '2023-12-31 15:00:00'),
(473, '2023-02-10 11:51:35', 73, 16, 22, '2023-12-31 15:00:00', '2023-12-31 15:00:00'),
(474, '2023-09-05 17:30:06', 36, 78, 23, '2023-12-31 15:00:00', '2023-12-31 15:00:00'),
(475, '2023-03-18 11:39:12', 40, 70, 7, '2023-12-31 15:00:00', '2023-12-31 15:00:00'),
(476, '2023-07-20 22:24:32', 13, 96, 21, '2023-12-31 15:00:00', '2023-12-31 15:00:00'),
(477, '2023-05-28 12:30:38', 28, 63, 42, '2023-12-31 15:00:00', '2023-12-31 15:00:00'),
(478, '2023-06-22 19:52:01', 95, 85, 24, '2023-12-31 15:00:00', '2023-12-31 15:00:00'),
(479, '2023-08-20 16:55:34', 111, 66, 32, '2023-12-31 15:00:00', '2023-12-31 15:00:00'),
(480, '2023-10-04 21:48:14', 4, 38, 5, '2023-12-31 15:00:00', '2023-12-31 15:00:00'),
(481, '2024-01-28 19:09:23', 83, 10, 49, '2023-12-31 15:00:00', '2023-12-31 15:00:00'),
(482, '2023-02-26 17:34:22', 78, 84, 81, '2023-12-31 15:00:00', '2023-12-31 15:00:00'),
(483, '2023-04-13 21:01:30', 62, 96, 84, '2023-12-31 15:00:00', '2023-12-31 15:00:00'),
(484, '2024-01-15 10:45:07', 132, 65, 94, '2023-12-31 15:00:00', '2023-12-31 15:00:00'),
(485, '2023-04-07 13:38:41', 123, 86, 97, '2023-12-31 15:00:00', '2023-12-31 15:00:00'),
(486, '2023-10-20 15:25:44', 20, 42, 18, '2023-12-31 15:00:00', '2023-12-31 15:00:00'),
(487, '2024-01-06 16:05:31', 47, 23, 97, '2023-12-31 15:00:00', '2023-12-31 15:00:00'),
(488, '2023-11-23 17:56:14', 20, 58, 36, '2023-12-31 15:00:00', '2023-12-31 15:00:00'),
(489, '2023-11-10 09:34:53', 55, 68, 84, '2023-12-31 15:00:00', '2023-12-31 15:00:00'),
(490, '2023-02-20 13:30:33', 34, 93, 51, '2023-12-31 15:00:00', '2023-12-31 15:00:00'),
(491, '2023-07-22 18:11:40', 1, 9, 65, '2023-12-31 15:00:00', '2023-12-31 15:00:00'),
(492, '2023-03-19 17:22:29', 20, 38, 83, '2023-12-31 15:00:00', '2023-12-31 15:00:00'),
(493, '2024-02-03 17:13:03', 77, 73, 56, '2023-12-31 15:00:00', '2023-12-31 15:00:00'),
(494, '2023-09-07 17:05:28', 30, 4, 77, '2023-12-31 15:00:00', '2023-12-31 15:00:00'),
(495, '2023-07-12 18:37:07', 35, 70, 53, '2023-12-31 15:00:00', '2023-12-31 15:00:00'),
(496, '2023-02-23 16:31:34', 20, 17, 44, '2023-12-31 15:00:00', '2023-12-31 15:00:00'),
(497, '2023-08-10 12:26:25', 59, 49, 14, '2023-12-31 15:00:00', '2023-12-31 15:00:00'),
(498, '2023-11-16 15:17:33', 104, 74, 62, '2023-12-31 15:00:00', '2023-12-31 15:00:00'),
(499, '2023-06-09 19:16:59', 87, 43, 26, '2023-12-31 15:00:00', '2023-12-31 15:00:00'),
(500, '2023-03-27 13:43:43', 49, 9, 92, '2023-12-31 15:00:00', '2023-12-31 15:00:00');

-- --------------------------------------------------------

--
-- テーブルの構造 `restaurants`
--

CREATE TABLE `restaurants` (
  `id` bigint(20) UNSIGNED NOT NULL,
  `name` varchar(255) NOT NULL,
  `image` varchar(255) NOT NULL DEFAULT '',
  `description` text NOT NULL,
  `lowest_price` int(10) UNSIGNED NOT NULL,
  `highest_price` int(10) UNSIGNED NOT NULL,
  `postal_code` varchar(255) NOT NULL,
  `address` varchar(255) NOT NULL,
  `opening_time` time NOT NULL,
  `closing_time` time NOT NULL,
  `seating_capacity` int(10) UNSIGNED NOT NULL,
  `created_at` timestamp NULL DEFAULT NULL,
  `updated_at` timestamp NULL DEFAULT NULL
) ENGINE=InnoDB DEFAULT CHARSET=utf8mb4 COLLATE=utf8mb4_unicode_ci;

--
-- テーブルのデータのダンプ `restaurants`
--

INSERT INTO `restaurants` (`id`, `name`, `image`, `description`, `lowest_price`, `highest_price`, `postal_code`, `address`, `opening_time`, `closing_time`, `seating_capacity`, `created_at`, `updated_at`) VALUES
(1, 'NAGOYA BURGER 名駅店', '7FDVhjPvUeLBStfmzl9h7Up5aUfVtCrqzetzJaFv.jpg', '名古屋老舗のお店。老舗の味をご堪能ください。', 3000, 4000, '4500000', '愛知県名古屋市中区栄X-XX-XX', '10:00:00', '20:00:00', 50, '2021-12-31 15:00:00', '2024-01-21 15:56:58'),
(2, 'Shanties', 'yywRnDri0i2VHTwyf8yXo3z7qmDWlQ3GMlT9Dqwc.jpg', '名古屋老舗のお店。老舗の味をご堪能ください。', 4000, 5000, '4500000', '愛知県名古屋市中区栄X-XX-XX', '13:00:00', '23:00:00', 60, '2022-01-01 15:00:00', '2024-01-23 10:29:54'),
(3, '割烹 柏木', 'V5IwCkeahHf21w0yYG4ufEFIAHdiIO8VAlkls84F.jpg', '名古屋老舗のお店。老舗の味をご堪能ください。', 2000, 4000, '4500000', '愛知県名古屋市中区栄X-XX-XX', '11:00:00', '20:30:00', 70, '2022-01-02 15:00:00', '2024-01-23 10:30:22'),
(4, '油そば専門店ブラブラ 半田店', 'lCunFoQjOvzuRc4MP2icFrNaH4tHeNmnwzawaEuL.jpg', '名古屋老舗のお店。老舗の味をご堪能ください。', 5000, 6000, '4500000', '愛知県名古屋市中区栄X-XX-XX', '09:30:00', '22:00:00', 80, '2022-01-03 15:00:00', '2024-01-23 10:31:10'),
(5, 'にく屋 浄心店', '8DOYrhjuxGIPr7nhBSJAwh39me15noPk4rmivW1X.jpg', '名古屋老舗のお店。老舗の味をご堪能ください。', 3000, 4000, '4500000', '愛知県名古屋市中区栄X-XX-XX', '13:00:00', '23:00:00', 90, '2022-01-04 15:00:00', '2024-01-23 10:31:31'),
(6, 'TRED', 'UEAA2V0ZwLaon8Z4KwZGYi720qyYoDMmdq24oskN.jpg', '名古屋老舗のお店。老舗の味をご堪能ください。', 4000, 5000, '4500000', '愛知県名古屋市中区栄X-XX-XX', '13:00:00', '23:00:00', 100, '2022-01-05 15:00:00', '2024-01-23 10:31:41'),
(7, 'きんやま', '', '名古屋老舗のお店。老舗の味をご堪能ください。', 2000, 4000, '4500000', '愛知県名古屋市中区栄X-XX-XX', '09:30:00', '22:00:00', 110, '2022-01-06 15:00:00', '2022-01-06 15:00:00'),
(8, 'NAGOYA BURGER 名古屋店', '', '名古屋老舗のお店。老舗の味をご堪能ください。', 5000, 6000, '4500000', '愛知県名古屋市中区栄X-XX-XX', '13:00:00', '23:00:00', 120, '2022-01-07 15:00:00', '2022-01-07 15:00:00'),
(9, '焼肉小山', '', '名古屋老舗のお店。老舗の味をご堪能ください。', 3000, 4000, '4500000', '愛知県名古屋市中区栄X-XX-XX', '11:00:00', '20:30:00', 130, '2022-01-08 15:00:00', '2022-01-08 15:00:00'),
(10, '焼き鳥七輪 栄住吉店', '', '名古屋老舗のお店。老舗の味をご堪能ください。', 4000, 5000, '4500000', '愛知県名古屋市中区栄X-XX-XX', '10:00:00', '20:00:00', 140, '2022-01-09 15:00:00', '2022-01-09 15:00:00'),
(11, '肉の庭', '', '名古屋老舗のお店。老舗の味をご堪能ください。', 2000, 4000, '4500000', '愛知県名古屋市中区栄X-XX-XX', '09:30:00', '22:00:00', 150, '2022-01-10 15:00:00', '2022-01-10 15:00:00'),
(12, 'CRAFT BEER NAGOYA2', '', '名古屋老舗のお店。老舗の味をご堪能ください。', 5000, 6000, '4500000', '愛知県名古屋市中区栄X-XX-XX', '11:00:00', '20:30:00', 50, '2022-01-11 15:00:00', '2022-01-11 15:00:00'),
(13, '麺屋やしろ', '', '名古屋老舗のお店。老舗の味をご堪能ください。', 3000, 4000, '4500000', '愛知県名古屋市中区栄X-XX-XX', '11:00:00', '20:30:00', 60, '2022-01-12 15:00:00', '2022-01-12 15:00:00'),
(14, 'ハワイアンバーベキュー 名古屋店', '', '名古屋老舗のお店。老舗の味をご堪能ください。', 4000, 5000, '4500000', '愛知県名古屋市中区栄X-XX-XX', '09:30:00', '22:00:00', 70, '2022-01-13 15:00:00', '2022-01-13 15:00:00'),
(15, '日本酒処 花雅', '', '名古屋老舗のお店。老舗の味をご堪能ください。', 2000, 4000, '4500000', '愛知県名古屋市中区栄X-XX-XX', '11:00:00', '20:30:00', 80, '2022-01-14 15:00:00', '2022-01-14 15:00:00'),
(16, 'なわ', '', '名古屋老舗のお店。老舗の味をご堪能ください。', 5000, 6000, '4500000', '愛知県名古屋市中区栄X-XX-XX', '11:00:00', '20:30:00', 90, '2022-01-15 15:00:00', '2022-01-15 15:00:00'),
(17, 'お酒とご飯', '', '名古屋老舗のお店。老舗の味をご堪能ください。', 3000, 4000, '4500000', '愛知県名古屋市中区栄X-XX-XX', '10:00:00', '20:00:00', 100, '2022-01-16 15:00:00', '2022-01-16 15:00:00'),
(18, '焼肉SUKI 名古屋新幹線口店', '', '名古屋老舗のお店。老舗の味をご堪能ください。', 4000, 5000, '4500000', '愛知県名古屋市中区栄X-XX-XX', '13:00:00', '23:00:00', 110, '2022-01-17 15:00:00', '2022-01-17 15:00:00'),
(19, '焼き鳥 はなれ', '', '名古屋老舗のお店。老舗の味をご堪能ください。', 2000, 4000, '4500000', '愛知県名古屋市中区栄X-XX-XX', '13:00:00', '23:00:00', 120, '2022-01-18 15:00:00', '2022-01-18 15:00:00'),
(20, '割烹旬菜花', '', '名古屋老舗のお店。老舗の味をご堪能ください。', 5000, 6000, '4500000', '愛知県名古屋市中区栄X-XX-XX', '11:00:00', '20:30:00', 130, '2022-01-19 15:00:00', '2022-01-19 15:00:00'),
(21, 'ちゃんこ屋 あかね', '', '名古屋老舗のお店。老舗の味をご堪能ください。', 3000, 4000, '4500000', '愛知県名古屋市中区栄X-XX-XX', '13:00:00', '23:00:00', 140, '2022-01-20 15:00:00', '2022-01-20 15:00:00'),
(22, '肉の庭半田店', '', '名古屋老舗のお店。老舗の味をご堪能ください。', 4000, 5000, '4500000', '愛知県名古屋市中区栄X-XX-XX', '13:00:00', '23:00:00', 150, '2022-01-21 15:00:00', '2022-01-21 15:00:00'),
(23, 'オーガニック食堂Sngi', '', '名古屋老舗のお店。老舗の味をご堪能ください。', 2000, 4000, '4500000', '愛知県名古屋市中区栄X-XX-XX', '10:00:00', '20:00:00', 50, '2022-01-22 15:00:00', '2022-01-22 15:00:00'),
(24, '寿司 やなや', '', '名古屋老舗のお店。老舗の味をご堪能ください。', 5000, 6000, '4500000', '愛知県名古屋市中区栄X-XX-XX', '11:00:00', '20:30:00', 60, '2022-01-23 15:00:00', '2022-01-23 15:00:00'),
(25, 'ハワイアンバーベキュー 太田川店', '', '名古屋老舗のお店。老舗の味をご堪能ください。', 3000, 4000, '4500000', '愛知県名古屋市中区栄X-XX-XX', '10:00:00', '20:00:00', 70, '2022-01-24 15:00:00', '2022-01-24 15:00:00'),
(26, '中華一番', '', '名古屋老舗のお店。老舗の味をご堪能ください。', 4000, 5000, '4500000', '愛知県名古屋市中区栄X-XX-XX', '10:00:00', '20:00:00', 80, '2022-01-25 15:00:00', '2022-01-25 15:00:00'),
(27, '厚切りステーキとハンバーグ たはらや', '', '名古屋老舗のお店。老舗の味をご堪能ください。', 2000, 4000, '4500000', '愛知県名古屋市中区栄X-XX-XX', '09:30:00', '22:00:00', 90, '2022-01-26 15:00:00', '2022-01-26 15:00:00'),
(28, '名古屋ラーメン 半田店', '', '名古屋老舗のお店。老舗の味をご堪能ください。', 5000, 6000, '4500000', '愛知県名古屋市中区栄X-XX-XX', '13:00:00', '23:00:00', 100, '2022-01-27 15:00:00', '2022-01-27 15:00:00'),
(29, '炭火やきとり オマメ', '', '名古屋老舗のお店。老舗の味をご堪能ください。', 3000, 4000, '4500000', '愛知県名古屋市中区栄X-XX-XX', '09:30:00', '22:00:00', 110, '2022-01-28 15:00:00', '2022-01-28 15:00:00'),
(30, 'ラーメン 餃子 ひびき', '', '名古屋老舗のお店。老舗の味をご堪能ください。', 4000, 5000, '4500000', '愛知県名古屋市中区栄X-XX-XX', '11:00:00', '20:30:00', 120, '2022-01-29 15:00:00', '2022-01-29 15:00:00'),
(31, 'つけ麺MENMARU', '', '名古屋老舗のお店。老舗の味をご堪能ください。', 2000, 4000, '4500000', '愛知県名古屋市中区栄X-XX-XX', '09:30:00', '22:00:00', 130, '2022-01-30 15:00:00', '2022-01-30 15:00:00'),
(32, 'でろ助 金山店', '', '名古屋老舗のお店。老舗の味をご堪能ください。', 5000, 6000, '4500000', '愛知県名古屋市中区栄X-XX-XX', '13:00:00', '23:00:00', 140, '2022-01-31 15:00:00', '2022-01-31 15:00:00'),
(33, 'はらみ専門店 七輪屋', '', '名古屋老舗のお店。老舗の味をご堪能ください。', 3000, 4000, '4500000', '愛知県名古屋市中区栄X-XX-XX', '10:00:00', '20:00:00', 150, '2022-02-01 15:00:00', '2022-02-01 15:00:00'),
(34, 'かどや本店 JR名古屋駅店', '', '名古屋老舗のお店。老舗の味をご堪能ください。', 4000, 5000, '4500000', '愛知県名古屋市中区栄X-XX-XX', '10:00:00', '20:00:00', 50, '2022-02-02 15:00:00', '2022-02-02 15:00:00'),
(35, '手打ちそば 子石', '', '名古屋老舗のお店。老舗の味をご堪能ください。', 2000, 4000, '4500000', '愛知県名古屋市中区栄X-XX-XX', '13:00:00', '23:00:00', 60, '2022-02-03 15:00:00', '2022-02-03 15:00:00'),
(36, '焼肉 カウカウ', '', '名古屋老舗のお店。老舗の味をご堪能ください。', 5000, 6000, '4500000', '愛知県名古屋市中区栄X-XX-XX', '11:00:00', '20:30:00', 70, '2022-02-04 15:00:00', '2022-02-04 15:00:00'),
(37, 'すし徳', '', '名古屋老舗のお店。老舗の味をご堪能ください。', 3000, 4000, '4500000', '愛知県名古屋市中区栄X-XX-XX', '09:30:00', '22:00:00', 80, '2022-02-05 15:00:00', '2022-02-05 15:00:00'),
(38, '手打ちそば 中石', '', '名古屋老舗のお店。老舗の味をご堪能ください。', 4000, 5000, '4500000', '愛知県名古屋市中区栄X-XX-XX', '09:30:00', '22:00:00', 90, '2022-02-06 15:00:00', '2022-02-06 15:00:00'),
(39, '麺屋しろ', '', '名古屋老舗のお店。老舗の味をご堪能ください。', 2000, 4000, '4500000', '愛知県名古屋市中区栄X-XX-XX', '13:00:00', '23:00:00', 100, '2022-02-07 15:00:00', '2022-02-07 15:00:00'),
(40, '焼肉SUKI 阿久比店', '', '名古屋老舗のお店。老舗の味をご堪能ください。', 5000, 6000, '4500000', '愛知県名古屋市中区栄X-XX-XX', '09:30:00', '22:00:00', 110, '2022-02-08 15:00:00', '2022-02-08 15:00:00'),
(41, '炭火串焼コケッコ屋 大須店', '', '名古屋老舗のお店。老舗の味をご堪能ください。', 3000, 4000, '4500000', '愛知県名古屋市中区栄X-XX-XX', '11:00:00', '20:30:00', 120, '2022-02-09 15:00:00', '2022-02-09 15:00:00'),
(42, '晴々久', '', '名古屋老舗のお店。老舗の味をご堪能ください。', 4000, 5000, '4500000', '愛知県名古屋市中区栄X-XX-XX', '11:00:00', '20:30:00', 130, '2022-02-10 15:00:00', '2022-02-10 15:00:00'),
(43, 'おはんざい', '', '名古屋老舗のお店。老舗の味をご堪能ください。', 2000, 4000, '4500000', '愛知県名古屋市中区栄X-XX-XX', '11:00:00', '20:30:00', 140, '2022-02-11 15:00:00', '2022-02-11 15:00:00'),
(44, '名古屋お好み焼き', '', '名古屋老舗のお店。老舗の味をご堪能ください。', 5000, 6000, '4500000', '愛知県名古屋市中区栄X-XX-XX', '10:00:00', '20:00:00', 150, '2022-02-12 15:00:00', '2022-02-12 15:00:00'),
(45, '油そば専門店ブラブラ 名古屋駅前店', '', '名古屋老舗のお店。老舗の味をご堪能ください。', 3000, 4000, '4500000', '愛知県名古屋市中区栄X-XX-XX', '10:00:00', '20:00:00', 50, '2022-02-13 15:00:00', '2022-02-13 15:00:00'),
(46, 'まるまる飯', '', '名古屋老舗のお店。老舗の味をご堪能ください。', 4000, 5000, '4500000', '愛知県名古屋市中区栄X-XX-XX', '13:00:00', '23:00:00', 60, '2022-02-14 15:00:00', '2022-02-14 15:00:00'),
(47, '焼き鳥七輪 太田川店', '', '名古屋老舗のお店。老舗の味をご堪能ください。', 2000, 4000, '4500000', '愛知県名古屋市中区栄X-XX-XX', '13:00:00', '23:00:00', 70, '2022-02-15 15:00:00', '2022-02-15 15:00:00'),
(48, '新みくじ', '', '名古屋老舗のお店。老舗の味をご堪能ください。', 5000, 6000, '4500000', '愛知県名古屋市中区栄X-XX-XX', '13:00:00', '23:00:00', 80, '2022-02-16 15:00:00', '2022-02-16 15:00:00'),
(49, '溝口', '', '名古屋老舗のお店。老舗の味をご堪能ください。', 3000, 4000, '4500000', '愛知県名古屋市中区栄X-XX-XX', '09:30:00', '22:00:00', 90, '2022-02-17 15:00:00', '2022-02-17 15:00:00'),
(50, 'KOTABUKI', '', '名古屋老舗のお店。老舗の味をご堪能ください。', 4000, 5000, '4500000', '愛知県名古屋市中区栄X-XX-XX', '13:00:00', '23:00:00', 100, '2022-02-18 15:00:00', '2022-02-18 15:00:00'),
(51, 'カジュアルてっぱん焼き', '', '名古屋老舗のお店。老舗の味をご堪能ください。', 2000, 4000, '4500000', '愛知県名古屋市中区栄X-XX-XX', '09:30:00', '22:00:00', 110, '2022-02-19 15:00:00', '2022-02-19 15:00:00'),
(52, 'ひこぞう', '', '名古屋老舗のお店。老舗の味をご堪能ください。', 5000, 6000, '4500000', '愛知県名古屋市中区栄X-XX-XX', '10:00:00', '20:00:00', 120, '2022-02-20 15:00:00', '2022-02-20 15:00:00'),
(53, 'キッチンマルポワ', '', '名古屋老舗のお店。老舗の味をご堪能ください。', 3000, 4000, '4500000', '愛知県名古屋市中区栄X-XX-XX', '11:00:00', '20:30:00', 130, '2022-02-21 15:00:00', '2022-02-21 15:00:00'),
(54, '魚と野菜と酒', '', '名古屋老舗のお店。老舗の味をご堪能ください。', 4000, 5000, '4500000', '愛知県名古屋市中区栄X-XX-XX', '09:30:00', '22:00:00', 140, '2022-02-22 15:00:00', '2022-02-22 15:00:00'),
(55, '麺屋名古屋 名古屋金山店', '', '名古屋老舗のお店。老舗の味をご堪能ください。', 2000, 4000, '4500000', '愛知県名古屋市中区栄X-XX-XX', '09:30:00', '22:00:00', 150, '2022-02-23 15:00:00', '2022-02-23 15:00:00'),
(56, 'やきにく 加藤', '', '名古屋老舗のお店。老舗の味をご堪能ください。', 5000, 6000, '4500000', '愛知県名古屋市中区栄X-XX-XX', '10:00:00', '20:00:00', 50, '2022-02-24 15:00:00', '2022-02-24 15:00:00'),
(57, 'すし処みか', '', '名古屋老舗のお店。老舗の味をご堪能ください。', 3000, 4000, '4500000', '愛知県名古屋市中区栄X-XX-XX', '11:00:00', '20:30:00', 60, '2022-02-25 15:00:00', '2022-02-25 15:00:00'),
(58, '炭火やきとり マメ', '', '名古屋老舗のお店。老舗の味をご堪能ください。', 4000, 5000, '4500000', '愛知県名古屋市中区栄X-XX-XX', '11:00:00', '20:30:00', 70, '2022-02-26 15:00:00', '2022-02-26 15:00:00'),
(59, '上下月', '', '名古屋老舗のお店。老舗の味をご堪能ください。', 2000, 4000, '4500000', '愛知県名古屋市中区栄X-XX-XX', '10:00:00', '20:00:00', 80, '2022-02-27 15:00:00', '2022-02-27 15:00:00'),
(60, '名古屋ラーメン 栄本店', '', '名古屋老舗のお店。老舗の味をご堪能ください。', 5000, 6000, '4500000', '愛知県名古屋市中区栄X-XX-XX', '13:00:00', '23:00:00', 90, '2022-02-28 15:00:00', '2022-02-28 15:00:00'),
(61, '肉とホルモンの店 YAMI', '', '名古屋老舗のお店。老舗の味をご堪能ください。', 3000, 4000, '4500000', '愛知県名古屋市中区栄X-XX-XX', '10:00:00', '20:00:00', 100, '2022-03-01 15:00:00', '2022-03-01 15:00:00'),
(62, '焼肉とホルモン焼き 新瑞橋店', '', '名古屋老舗のお店。老舗の味をご堪能ください。', 4000, 5000, '4500000', '愛知県名古屋市中区栄X-XX-XX', '09:30:00', '22:00:00', 110, '2022-03-02 15:00:00', '2022-03-02 15:00:00'),
(63, 'ニクサカバ', '', '名古屋老舗のお店。老舗の味をご堪能ください。', 2000, 4000, '4500000', '愛知県名古屋市中区栄X-XX-XX', '11:00:00', '20:30:00', 120, '2022-03-03 15:00:00', '2022-03-03 15:00:00'),
(64, 'よはく', '', '名古屋老舗のお店。老舗の味をご堪能ください。', 5000, 6000, '4500000', '愛知県名古屋市中区栄X-XX-XX', '09:30:00', '22:00:00', 130, '2022-03-04 15:00:00', '2022-03-04 15:00:00'),
(65, 'お酒とお肉', '', '名古屋老舗のお店。老舗の味をご堪能ください。', 3000, 4000, '4500000', '愛知県名古屋市中区栄X-XX-XX', '10:00:00', '20:00:00', 140, '2022-03-05 15:00:00', '2022-03-05 15:00:00'),
(66, '和牛焼肉Wocca', '', '名古屋老舗のお店。老舗の味をご堪能ください。', 4000, 5000, '4500000', '愛知県名古屋市中区栄X-XX-XX', '09:30:00', '22:00:00', 150, '2022-03-06 15:00:00', '2022-03-06 15:00:00'),
(67, 'なかみどり', '', '名古屋老舗のお店。老舗の味をご堪能ください。', 2000, 4000, '4500000', '愛知県名古屋市中区栄X-XX-XX', '10:00:00', '20:00:00', 50, '2022-03-07 15:00:00', '2022-03-07 15:00:00'),
(68, 'けろ助 金山店', '', '名古屋老舗のお店。老舗の味をご堪能ください。', 5000, 6000, '4500000', '愛知県名古屋市中区栄X-XX-XX', '09:30:00', '22:00:00', 60, '2022-03-08 15:00:00', '2022-03-08 15:00:00'),
(69, '魚と野菜と酒 じゃばらむ', '', '名古屋老舗のお店。老舗の味をご堪能ください。', 3000, 4000, '4500000', '愛知県名古屋市中区栄X-XX-XX', '09:30:00', '22:00:00', 70, '2022-03-09 15:00:00', '2022-03-09 15:00:00'),
(70, '大衆焼肉酒場 ホルモン屋 栄店', '', '名古屋老舗のお店。老舗の味をご堪能ください。', 4000, 5000, '4500000', '愛知県名古屋市中区栄X-XX-XX', '10:00:00', '20:00:00', 80, '2022-03-10 15:00:00', '2022-03-10 15:00:00'),
(71, '麺屋名古屋 半田店', '', '名古屋老舗のお店。老舗の味をご堪能ください。', 2000, 4000, '4500000', '愛知県名古屋市中区栄X-XX-XX', '10:00:00', '20:00:00', 90, '2022-03-11 15:00:00', '2022-03-11 15:00:00'),
(72, 'かつおか', '', '名古屋老舗のお店。老舗の味をご堪能ください。', 5000, 6000, '4500000', '愛知県名古屋市中区栄X-XX-XX', '11:00:00', '20:30:00', 100, '2022-03-12 15:00:00', '2022-03-12 15:00:00'),
(73, 'CRAFT BEER NAGOYA', '', '名古屋老舗のお店。老舗の味をご堪能ください。', 3000, 4000, '4500000', '愛知県名古屋市中区栄X-XX-XX', '11:00:00', '20:30:00', 110, '2022-03-13 15:00:00', '2022-03-13 15:00:00'),
(74, 'TRED2', '', '名古屋老舗のお店。老舗の味をご堪能ください。', 4000, 5000, '4500000', '愛知県名古屋市中区栄X-XX-XX', '10:00:00', '20:00:00', 120, '2022-03-14 15:00:00', '2022-03-14 15:00:00'),
(75, 'どんどん 名駅南一丁目', '', '名古屋老舗のお店。老舗の味をご堪能ください。', 2000, 4000, '4500000', '愛知県名古屋市中区栄X-XX-XX', '09:30:00', '22:00:00', 130, '2022-03-15 15:00:00', '2022-03-15 15:00:00'),
(76, '二代目 康', '', '名古屋老舗のお店。老舗の味をご堪能ください。', 5000, 6000, '4500000', '愛知県名古屋市中区栄X-XX-XX', '10:00:00', '20:00:00', 140, '2022-03-16 15:00:00', '2022-03-16 15:00:00'),
(77, '天ぷらとワインの大島', '', '名古屋老舗のお店。老舗の味をご堪能ください。', 3000, 4000, '4500000', '愛知県名古屋市中区栄X-XX-XX', '13:00:00', '23:00:00', 150, '2022-03-17 15:00:00', '2022-03-17 15:00:00'),
(78, 'すし処ゆか', '', '名古屋老舗のお店。老舗の味をご堪能ください。', 4000, 5000, '4500000', '愛知県名古屋市中区栄X-XX-XX', '09:30:00', '22:00:00', 50, '2022-03-18 15:00:00', '2022-03-18 15:00:00'),
(79, '焼肉ボンバー', '', '名古屋老舗のお店。老舗の味をご堪能ください。', 2000, 4000, '4500000', '愛知県名古屋市中区栄X-XX-XX', '13:00:00', '23:00:00', 60, '2022-03-19 15:00:00', '2022-03-19 15:00:00'),
(80, 'やきにく 佐藤', '', '名古屋老舗のお店。老舗の味をご堪能ください。', 5000, 6000, '4500000', '愛知県名古屋市中区栄X-XX-XX', '11:00:00', '20:30:00', 70, '2022-03-20 15:00:00', '2022-03-20 15:00:00'),
(81, '串カツ 今池店', '', '名古屋老舗のお店。老舗の味をご堪能ください。', 3000, 4000, '4500000', '愛知県名古屋市中区栄X-XX-XX', '13:00:00', '23:00:00', 80, '2022-03-21 15:00:00', '2022-03-21 15:00:00'),
(82, 'まつおか', '', '名古屋老舗のお店。老舗の味をご堪能ください。', 4000, 5000, '4500000', '愛知県名古屋市中区栄X-XX-XX', '13:00:00', '23:00:00', 90, '2022-03-22 15:00:00', '2022-03-22 15:00:00'),
(83, '大衆焼肉酒場 ホルモン屋 半田店', '', '名古屋老舗のお店。老舗の味をご堪能ください。', 2000, 4000, '4500000', '愛知県名古屋市中区栄X-XX-XX', '10:00:00', '20:00:00', 100, '2022-03-23 15:00:00', '2022-03-23 15:00:00'),
(84, '萬新軒', '', '名古屋老舗のお店。老舗の味をご堪能ください。', 5000, 6000, '4500000', '愛知県名古屋市中区栄X-XX-XX', '13:00:00', '23:00:00', 110, '2022-03-24 15:00:00', '2022-03-24 15:00:00'),
(85, 'ハワイアンバーベキュー ささしま太田川店', '', '名古屋老舗のお店。老舗の味をご堪能ください。', 3000, 4000, '4500000', '愛知県名古屋市中区栄X-XX-XX', '10:00:00', '20:00:00', 120, '2022-03-25 15:00:00', '2022-03-25 15:00:00'),
(86, '焼き鳥 はな', 'o4IxfYBxGn8N8f9EugnwZmp7GgebSeeQK6G3LmxF.jpg', '名古屋老舗のお店。老舗の味をご堪能ください。', 4000, 5000, '4500000', '愛知県名古屋市中区栄X-XX-XX', '11:00:00', '20:30:00', 130, '2022-03-26 15:00:00', '2024-01-24 02:07:19'),
(87, '口々', 'VPbfDbacBehnr73fy85c8xIRGx2uNF6O4I6wfJmb.jpg', '名古屋老舗のお店。老舗の味をご堪能ください。', 2000, 4000, '4500000', '愛知県名古屋市中区栄X-XX-XX', '13:00:00', '23:00:00', 140, '2022-03-27 15:00:00', '2024-01-24 02:07:36'),
(88, '焼肉とホルモン 新瑞橋店', '', '名古屋老舗のお店。老舗の味をご堪能ください。', 5000, 6000, '4500000', '愛知県名古屋市中区栄X-XX-XX', '09:30:00', '22:00:00', 150, '2022-03-28 15:00:00', '2022-03-28 15:00:00'),
(89, '上月', '', '名古屋老舗のお店。老舗の味をご堪能ください。', 3000, 4000, '4500000', '愛知県名古屋市中区栄X-XX-XX', '09:30:00', '22:00:00', 50, '2022-03-29 15:00:00', '2022-03-29 15:00:00'),
(90, 'オーガニック食堂Angi', '', '名古屋老舗のお店。老舗の味をご堪能ください。', 4000, 5000, '4500000', '愛知県名古屋市中区栄X-XX-XX', '11:00:00', '20:30:00', 60, '2022-03-30 15:00:00', '2022-03-30 15:00:00'),
(91, '焼き鳥 せぶん', '', '名古屋老舗のお店。老舗の味をご堪能ください。', 2000, 4000, '4500000', '愛知県名古屋市中区栄X-XX-XX', '13:00:00', '23:00:00', 70, '2022-03-31 15:00:00', '2022-03-31 15:00:00'),
(92, 'キッチンマルポー', '', '名古屋老舗のお店。老舗の味をご堪能ください。', 5000, 6000, '4500000', '愛知県名古屋市中区栄X-XX-XX', '10:00:00', '20:00:00', 80, '2022-04-01 15:00:00', '2022-04-01 15:00:00'),
(93, 'ニクサカバ半田店', '', '名古屋老舗のお店。老舗の味をご堪能ください。', 3000, 4000, '4500000', '愛知県名古屋市中区栄X-XX-XX', '11:00:00', '20:30:00', 90, '2022-04-02 15:00:00', '2022-04-02 15:00:00'),
(94, 'ちょもらんま', '', '名古屋老舗のお店。老舗の味をご堪能ください。', 4000, 5000, '4500000', '愛知県名古屋市中区栄X-XX-XX', '10:00:00', '20:00:00', 100, '2022-04-03 15:00:00', '2022-04-03 15:00:00'),
(95, 'やきにく 山崎', 'C6KxP5Fq5pmr8YCgVyFYF3WaY3H1BZNhj23QufRH.jpg', '名古屋老舗のお店。老舗の味をご堪能ください。', 2000, 4000, '4500000', '愛知県名古屋市中区栄X-XX-XX', '11:00:00', '20:30:00', 110, '2022-04-04 15:00:00', '2024-01-23 10:29:18'),
(96, '台湾ラーメン 田中 守山本店', 'dcikfmsZp9ZBk5xaMMcdhOSGUAqJjCFAeoDuJmlk.jpg', '名古屋老舗のお店。老舗の味をご堪能ください。', 5000, 6000, '4500000', '愛知県名古屋市中区栄X-XX-XX', '13:00:00', '23:00:00', 120, '2022-04-05 15:00:00', '2024-01-23 10:27:41'),
(97, '割烹 加藤', 'BJp2nTUimIbDM3OWJQYI56uLPgvgFoYaM3Qnum03.jpg', '名古屋老舗のお店。老舗の味をご堪能ください。', 3000, 4000, '4500000', '愛知県名古屋市中区栄X-XX-XX', '09:30:00', '22:00:00', 130, '2022-04-06 15:00:00', '2024-01-23 10:27:22'),
(98, 'ちょもちょもらんま', 'sT6jSRztnTxajH0WEACG5GQXGWATNiXHrw4owg9j.jpg', '名古屋老舗のお店。老舗の味をご堪能ください。', 4000, 5000, '4500000', '愛知県名古屋市中区栄X-XX-XX', '11:00:00', '20:30:00', 140, '2022-04-07 15:00:00', '2024-01-23 10:26:46'),
(99, '炭火串焼コケッコ屋 半田店', 'GVTMNq5tKbwNLmRWU5ugnEXFFmehQpXWtXgpKmjV.jpg', '名古屋老舗のお店。老舗の味をご堪能ください。', 2000, 4000, '4500000', '愛知県名古屋市中区栄X-XX-XX', '10:00:00', '20:00:00', 150, '2022-04-08 15:00:00', '2024-01-23 10:26:31'),
(100, '割烹旬菜', 'FihDuExjhYXLRNau2kQ8TZgepLcM7atRRtd9q0tj.jpg', '名古屋老舗のお店。老舗の味をご堪能ください。', 5000, 6000, '4500000', '愛知県名古屋市中区栄X-XX-XX', '09:30:00', '22:00:00', 50, '2022-04-09 15:00:00', '2024-01-23 10:26:09');

-- --------------------------------------------------------

--
-- テーブルの構造 `restaurant_user`
--

CREATE TABLE `restaurant_user` (
  `id` bigint(20) UNSIGNED NOT NULL,
  `restaurant_id` bigint(20) UNSIGNED NOT NULL,
  `user_id` bigint(20) UNSIGNED NOT NULL,
  `created_at` timestamp NULL DEFAULT NULL,
  `updated_at` timestamp NULL DEFAULT NULL
) ENGINE=InnoDB DEFAULT CHARSET=utf8mb4 COLLATE=utf8mb4_unicode_ci;

--
-- テーブルのデータのダンプ `restaurant_user`
--

INSERT INTO `restaurant_user` (`id`, `restaurant_id`, `user_id`, `created_at`, `updated_at`) VALUES
(1, 37, 1, '2023-12-31 15:00:00', '2023-12-31 15:00:00'),
(2, 45, 1, '2023-12-31 15:00:00', '2023-12-31 15:00:00'),
(3, 17, 1, '2023-12-31 15:00:00', '2023-12-31 15:00:00'),
(4, 73, 1, '2023-12-31 15:00:00', '2023-12-31 15:00:00'),
(5, 20, 1, '2023-12-31 15:00:00', '2023-12-31 15:00:00'),
(6, 53, 1, '2023-12-31 15:00:00', '2023-12-31 15:00:00'),
(7, 81, 1, '2023-12-31 15:00:00', '2023-12-31 15:00:00'),
(8, 36, 1, '2023-12-31 15:00:00', '2023-12-31 15:00:00'),
(9, 2, 1, '2023-12-31 15:00:00', '2023-12-31 15:00:00'),
(10, 92, 2, '2023-12-31 15:00:00', '2023-12-31 15:00:00'),
(11, 19, 2, '2023-12-31 15:00:00', '2023-12-31 15:00:00'),
(12, 69, 2, '2023-12-31 15:00:00', '2023-12-31 15:00:00'),
(13, 96, 3, '2023-12-31 15:00:00', '2023-12-31 15:00:00'),
(14, 90, 3, '2023-12-31 15:00:00', '2023-12-31 15:00:00'),
(15, 63, 3, '2023-12-31 15:00:00', '2023-12-31 15:00:00'),
(16, 32, 3, '2023-12-31 15:00:00', '2023-12-31 15:00:00'),
(17, 4, 3, '2023-12-31 15:00:00', '2023-12-31 15:00:00'),
(18, 49, 3, '2023-12-31 15:00:00', '2023-12-31 15:00:00'),
(19, 71, 4, '2023-12-31 15:00:00', '2023-12-31 15:00:00'),
(20, 39, 4, '2023-12-31 15:00:00', '2023-12-31 15:00:00'),
(21, 94, 4, '2023-12-31 15:00:00', '2023-12-31 15:00:00'),
(22, 8, 4, '2023-12-31 15:00:00', '2023-12-31 15:00:00'),
(23, 79, 4, '2023-12-31 15:00:00', '2023-12-31 15:00:00'),
(24, 12, 4, '2023-12-31 15:00:00', '2023-12-31 15:00:00'),
(25, 44, 5, '2023-12-31 15:00:00', '2023-12-31 15:00:00'),
(26, 56, 5, '2023-12-31 15:00:00', '2023-12-31 15:00:00'),
(27, 78, 5, '2023-12-31 15:00:00', '2023-12-31 15:00:00'),
(28, 71, 5, '2023-12-31 15:00:00', '2023-12-31 15:00:00'),
(29, 26, 5, '2023-12-31 15:00:00', '2023-12-31 15:00:00'),
(30, 10, 5, '2023-12-31 15:00:00', '2023-12-31 15:00:00'),
(31, 47, 5, '2023-12-31 15:00:00', '2023-12-31 15:00:00'),
(32, 22, 5, '2023-12-31 15:00:00', '2023-12-31 15:00:00'),
(33, 28, 5, '2023-12-31 15:00:00', '2023-12-31 15:00:00'),
(34, 60, 6, '2023-12-31 15:00:00', '2023-12-31 15:00:00'),
(35, 12, 6, '2023-12-31 15:00:00', '2023-12-31 15:00:00'),
(36, 66, 6, '2023-12-31 15:00:00', '2023-12-31 15:00:00'),
(37, 33, 6, '2023-12-31 15:00:00', '2023-12-31 15:00:00'),
(38, 76, 6, '2023-12-31 15:00:00', '2023-12-31 15:00:00'),
(39, 80, 9, '2023-12-31 15:00:00', '2023-12-31 15:00:00'),
(40, 81, 9, '2023-12-31 15:00:00', '2023-12-31 15:00:00'),
(41, 100, 9, '2023-12-31 15:00:00', '2023-12-31 15:00:00'),
(42, 25, 10, '2023-12-31 15:00:00', '2023-12-31 15:00:00'),
(43, 38, 10, '2023-12-31 15:00:00', '2023-12-31 15:00:00'),
(44, 52, 10, '2023-12-31 15:00:00', '2023-12-31 15:00:00'),
(45, 78, 11, '2023-12-31 15:00:00', '2023-12-31 15:00:00'),
(46, 24, 11, '2023-12-31 15:00:00', '2023-12-31 15:00:00'),
(47, 95, 11, '2023-12-31 15:00:00', '2023-12-31 15:00:00'),
(48, 39, 11, '2023-12-31 15:00:00', '2023-12-31 15:00:00'),
(49, 14, 11, '2023-12-31 15:00:00', '2023-12-31 15:00:00'),
(50, 5, 11, '2023-12-31 15:00:00', '2023-12-31 15:00:00'),
(51, 53, 12, '2023-12-31 15:00:00', '2023-12-31 15:00:00'),
(52, 21, 12, '2023-12-31 15:00:00', '2023-12-31 15:00:00'),
(53, 79, 12, '2023-12-31 15:00:00', '2023-12-31 15:00:00'),
(54, 10, 13, '2023-12-31 15:00:00', '2023-12-31 15:00:00'),
(55, 35, 13, '2023-12-31 15:00:00', '2023-12-31 15:00:00'),
(56, 94, 13, '2023-12-31 15:00:00', '2023-12-31 15:00:00'),
(57, 4, 13, '2023-12-31 15:00:00', '2023-12-31 15:00:00'),
(58, 40, 13, '2023-12-31 15:00:00', '2023-12-31 15:00:00'),
(59, 29, 13, '2023-12-31 15:00:00', '2023-12-31 15:00:00'),
(60, 27, 13, '2023-12-31 15:00:00', '2023-12-31 15:00:00'),
(61, 16, 13, '2023-12-31 15:00:00', '2023-12-31 15:00:00'),
(62, 99, 13, '2023-12-31 15:00:00', '2023-12-31 15:00:00'),
(63, 76, 14, '2023-12-31 15:00:00', '2023-12-31 15:00:00'),
(64, 60, 14, '2023-12-31 15:00:00', '2023-12-31 15:00:00'),
(65, 24, 14, '2023-12-31 15:00:00', '2023-12-31 15:00:00'),
(66, 30, 14, '2023-12-31 15:00:00', '2023-12-31 15:00:00'),
(67, 96, 14, '2023-12-31 15:00:00', '2023-12-31 15:00:00'),
(68, 18, 16, '2023-12-31 15:00:00', '2023-12-31 15:00:00'),
(69, 9, 16, '2023-12-31 15:00:00', '2023-12-31 15:00:00'),
(70, 52, 17, '2023-12-31 15:00:00', '2023-12-31 15:00:00'),
(71, 73, 17, '2023-12-31 15:00:00', '2023-12-31 15:00:00'),
(72, 44, 17, '2023-12-31 15:00:00', '2023-12-31 15:00:00'),
(73, 93, 17, '2023-12-31 15:00:00', '2023-12-31 15:00:00'),
(74, 62, 17, '2023-12-31 15:00:00', '2023-12-31 15:00:00'),
(75, 11, 17, '2023-12-31 15:00:00', '2023-12-31 15:00:00'),
(76, 100, 17, '2023-12-31 15:00:00', '2023-12-31 15:00:00'),
(77, 57, 17, '2023-12-31 15:00:00', '2023-12-31 15:00:00'),
(78, 76, 17, '2023-12-31 15:00:00', '2023-12-31 15:00:00'),
(79, 39, 18, '2023-12-31 15:00:00', '2023-12-31 15:00:00'),
(80, 14, 18, '2023-12-31 15:00:00', '2023-12-31 15:00:00'),
(81, 98, 18, '2023-12-31 15:00:00', '2023-12-31 15:00:00'),
(82, 83, 19, '2023-12-31 15:00:00', '2023-12-31 15:00:00'),
(83, 22, 19, '2023-12-31 15:00:00', '2023-12-31 15:00:00'),
(84, 97, 20, '2023-12-31 15:00:00', '2023-12-31 15:00:00'),
(85, 18, 21, '2023-12-31 15:00:00', '2023-12-31 15:00:00'),
(86, 69, 21, '2023-12-31 15:00:00', '2023-12-31 15:00:00'),
(87, 67, 21, '2023-12-31 15:00:00', '2023-12-31 15:00:00'),
(88, 70, 21, '2023-12-31 15:00:00', '2023-12-31 15:00:00'),
(89, 13, 22, '2023-12-31 15:00:00', '2023-12-31 15:00:00'),
(90, 60, 22, '2023-12-31 15:00:00', '2023-12-31 15:00:00'),
(91, 98, 22, '2023-12-31 15:00:00', '2023-12-31 15:00:00'),
(92, 4, 22, '2023-12-31 15:00:00', '2023-12-31 15:00:00'),
(93, 63, 22, '2023-12-31 15:00:00', '2023-12-31 15:00:00'),
(94, 26, 22, '2023-12-31 15:00:00', '2023-12-31 15:00:00'),
(95, 63, 23, '2023-12-31 15:00:00', '2023-12-31 15:00:00'),
(96, 31, 23, '2023-12-31 15:00:00', '2023-12-31 15:00:00'),
(97, 4, 23, '2023-12-31 15:00:00', '2023-12-31 15:00:00'),
(98, 51, 23, '2023-12-31 15:00:00', '2023-12-31 15:00:00'),
(99, 85, 23, '2023-12-31 15:00:00', '2023-12-31 15:00:00'),
(100, 98, 23, '2023-12-31 15:00:00', '2023-12-31 15:00:00'),
(101, 58, 23, '2023-12-31 15:00:00', '2023-12-31 15:00:00'),
(102, 88, 23, '2023-12-31 15:00:00', '2023-12-31 15:00:00'),
(103, 56, 24, '2023-12-31 15:00:00', '2023-12-31 15:00:00'),
(104, 82, 24, '2023-12-31 15:00:00', '2023-12-31 15:00:00'),
(105, 65, 24, '2023-12-31 15:00:00', '2023-12-31 15:00:00'),
(106, 50, 25, '2023-12-31 15:00:00', '2023-12-31 15:00:00'),
(107, 6, 25, '2023-12-31 15:00:00', '2023-12-31 15:00:00'),
(108, 5, 25, '2023-12-31 15:00:00', '2023-12-31 15:00:00'),
(109, 30, 25, '2023-12-31 15:00:00', '2023-12-31 15:00:00'),
(110, 15, 27, '2023-12-31 15:00:00', '2023-12-31 15:00:00'),
(111, 54, 27, '2023-12-31 15:00:00', '2023-12-31 15:00:00'),
(112, 92, 27, '2023-12-31 15:00:00', '2023-12-31 15:00:00'),
(113, 62, 28, '2023-12-31 15:00:00', '2023-12-31 15:00:00'),
(114, 42, 28, '2023-12-31 15:00:00', '2023-12-31 15:00:00'),
(115, 84, 28, '2023-12-31 15:00:00', '2023-12-31 15:00:00'),
(116, 86, 28, '2023-12-31 15:00:00', '2023-12-31 15:00:00'),
(117, 13, 28, '2023-12-31 15:00:00', '2023-12-31 15:00:00'),
(118, 43, 28, '2023-12-31 15:00:00', '2023-12-31 15:00:00'),
(119, 26, 30, '2023-12-31 15:00:00', '2023-12-31 15:00:00'),
(120, 3, 30, '2023-12-31 15:00:00', '2023-12-31 15:00:00'),
(121, 76, 30, '2023-12-31 15:00:00', '2023-12-31 15:00:00'),
(122, 17, 30, '2023-12-31 15:00:00', '2023-12-31 15:00:00'),
(123, 80, 30, '2023-12-31 15:00:00', '2023-12-31 15:00:00'),
(124, 20, 31, '2023-12-31 15:00:00', '2023-12-31 15:00:00'),
(125, 37, 31, '2023-12-31 15:00:00', '2023-12-31 15:00:00'),
(126, 34, 31, '2023-12-31 15:00:00', '2023-12-31 15:00:00'),
(127, 43, 31, '2023-12-31 15:00:00', '2023-12-31 15:00:00'),
(128, 29, 31, '2023-12-31 15:00:00', '2023-12-31 15:00:00'),
(129, 36, 31, '2023-12-31 15:00:00', '2023-12-31 15:00:00'),
(130, 51, 31, '2023-12-31 15:00:00', '2023-12-31 15:00:00'),
(131, 22, 32, '2023-12-31 15:00:00', '2023-12-31 15:00:00'),
(132, 80, 32, '2023-12-31 15:00:00', '2023-12-31 15:00:00'),
(133, 74, 32, '2023-12-31 15:00:00', '2023-12-31 15:00:00'),
(134, 85, 32, '2023-12-31 15:00:00', '2023-12-31 15:00:00'),
(135, 24, 32, '2023-12-31 15:00:00', '2023-12-31 15:00:00'),
(136, 32, 33, '2023-12-31 15:00:00', '2023-12-31 15:00:00'),
(137, 83, 33, '2023-12-31 15:00:00', '2023-12-31 15:00:00'),
(138, 19, 33, '2023-12-31 15:00:00', '2023-12-31 15:00:00'),
(139, 85, 33, '2023-12-31 15:00:00', '2023-12-31 15:00:00'),
(140, 99, 34, '2023-12-31 15:00:00', '2023-12-31 15:00:00'),
(141, 5, 35, '2023-12-31 15:00:00', '2023-12-31 15:00:00'),
(142, 97, 35, '2023-12-31 15:00:00', '2023-12-31 15:00:00'),
(143, 93, 35, '2023-12-31 15:00:00', '2023-12-31 15:00:00'),
(144, 56, 36, '2023-12-31 15:00:00', '2023-12-31 15:00:00'),
(145, 86, 36, '2023-12-31 15:00:00', '2023-12-31 15:00:00'),
(146, 33, 37, '2023-12-31 15:00:00', '2023-12-31 15:00:00'),
(147, 49, 37, '2023-12-31 15:00:00', '2023-12-31 15:00:00'),
(148, 7, 37, '2023-12-31 15:00:00', '2023-12-31 15:00:00'),
(149, 100, 37, '2023-12-31 15:00:00', '2023-12-31 15:00:00'),
(150, 29, 37, '2023-12-31 15:00:00', '2023-12-31 15:00:00'),
(151, 30, 38, '2023-12-31 15:00:00', '2023-12-31 15:00:00'),
(152, 64, 38, '2023-12-31 15:00:00', '2023-12-31 15:00:00'),
(153, 29, 38, '2023-12-31 15:00:00', '2023-12-31 15:00:00'),
(154, 9, 38, '2023-12-31 15:00:00', '2023-12-31 15:00:00'),
(155, 12, 38, '2023-12-31 15:00:00', '2023-12-31 15:00:00'),
(156, 66, 39, '2023-12-31 15:00:00', '2023-12-31 15:00:00'),
(157, 37, 39, '2023-12-31 15:00:00', '2023-12-31 15:00:00'),
(158, 54, 39, '2023-12-31 15:00:00', '2023-12-31 15:00:00'),
(159, 50, 39, '2023-12-31 15:00:00', '2023-12-31 15:00:00'),
(160, 83, 39, '2023-12-31 15:00:00', '2023-12-31 15:00:00'),
(161, 84, 40, '2023-12-31 15:00:00', '2023-12-31 15:00:00'),
(162, 48, 40, '2023-12-31 15:00:00', '2023-12-31 15:00:00'),
(163, 66, 41, '2023-12-31 15:00:00', '2023-12-31 15:00:00'),
(164, 45, 42, '2023-12-31 15:00:00', '2023-12-31 15:00:00'),
(165, 39, 42, '2023-12-31 15:00:00', '2023-12-31 15:00:00'),
(166, 53, 42, '2023-12-31 15:00:00', '2023-12-31 15:00:00'),
(167, 50, 42, '2023-12-31 15:00:00', '2023-12-31 15:00:00'),
(168, 98, 43, '2023-12-31 15:00:00', '2023-12-31 15:00:00'),
(169, 53, 43, '2023-12-31 15:00:00', '2023-12-31 15:00:00'),
(170, 59, 43, '2023-12-31 15:00:00', '2023-12-31 15:00:00'),
(171, 47, 43, '2023-12-31 15:00:00', '2023-12-31 15:00:00'),
(172, 67, 43, '2023-12-31 15:00:00', '2023-12-31 15:00:00'),
(173, 8, 43, '2023-12-31 15:00:00', '2023-12-31 15:00:00'),
(174, 45, 43, '2023-12-31 15:00:00', '2023-12-31 15:00:00'),
(175, 15, 43, '2023-12-31 15:00:00', '2023-12-31 15:00:00'),
(176, 2, 43, '2023-12-31 15:00:00', '2023-12-31 15:00:00'),
(177, 86, 43, '2023-12-31 15:00:00', '2023-12-31 15:00:00'),
(178, 40, 44, '2023-12-31 15:00:00', '2023-12-31 15:00:00'),
(179, 29, 44, '2023-12-31 15:00:00', '2023-12-31 15:00:00'),
(180, 23, 44, '2023-12-31 15:00:00', '2023-12-31 15:00:00'),
(181, 58, 44, '2023-12-31 15:00:00', '2023-12-31 15:00:00'),
(182, 80, 44, '2023-12-31 15:00:00', '2023-12-31 15:00:00'),
(183, 2, 44, '2023-12-31 15:00:00', '2023-12-31 15:00:00'),
(184, 86, 45, '2023-12-31 15:00:00', '2023-12-31 15:00:00'),
(185, 5, 45, '2023-12-31 15:00:00', '2023-12-31 15:00:00'),
(186, 24, 45, '2023-12-31 15:00:00', '2023-12-31 15:00:00'),
(187, 40, 45, '2023-12-31 15:00:00', '2023-12-31 15:00:00'),
(188, 55, 45, '2023-12-31 15:00:00', '2023-12-31 15:00:00'),
(189, 78, 46, '2023-12-31 15:00:00', '2023-12-31 15:00:00'),
(190, 41, 46, '2023-12-31 15:00:00', '2023-12-31 15:00:00'),
(191, 39, 46, '2023-12-31 15:00:00', '2023-12-31 15:00:00'),
(192, 47, 46, '2023-12-31 15:00:00', '2023-12-31 15:00:00'),
(193, 23, 46, '2023-12-31 15:00:00', '2023-12-31 15:00:00'),
(194, 31, 46, '2023-12-31 15:00:00', '2023-12-31 15:00:00'),
(195, 58, 47, '2023-12-31 15:00:00', '2023-12-31 15:00:00'),
(196, 66, 47, '2023-12-31 15:00:00', '2023-12-31 15:00:00'),
(197, 63, 47, '2023-12-31 15:00:00', '2023-12-31 15:00:00'),
(198, 92, 47, '2023-12-31 15:00:00', '2023-12-31 15:00:00'),
(199, 35, 47, '2023-12-31 15:00:00', '2023-12-31 15:00:00'),
(200, 89, 47, '2023-12-31 15:00:00', '2023-12-31 15:00:00'),
(201, 77, 48, '2023-12-31 15:00:00', '2023-12-31 15:00:00'),
(202, 32, 48, '2023-12-31 15:00:00', '2023-12-31 15:00:00'),
(203, 85, 48, '2023-12-31 15:00:00', '2023-12-31 15:00:00'),
(204, 45, 48, '2023-12-31 15:00:00', '2023-12-31 15:00:00'),
(205, 47, 48, '2023-12-31 15:00:00', '2023-12-31 15:00:00'),
(206, 55, 48, '2023-12-31 15:00:00', '2023-12-31 15:00:00'),
(207, 4, 49, '2023-12-31 15:00:00', '2023-12-31 15:00:00'),
(208, 24, 49, '2023-12-31 15:00:00', '2023-12-31 15:00:00'),
(209, 11, 49, '2023-12-31 15:00:00', '2023-12-31 15:00:00'),
(210, 2, 49, '2023-12-31 15:00:00', '2023-12-31 15:00:00'),
(211, 25, 49, '2023-12-31 15:00:00', '2023-12-31 15:00:00'),
(212, 45, 49, '2023-12-31 15:00:00', '2023-12-31 15:00:00'),
(213, 56, 49, '2023-12-31 15:00:00', '2023-12-31 15:00:00'),
(214, 3, 49, '2023-12-31 15:00:00', '2023-12-31 15:00:00'),
(215, 51, 49, '2023-12-31 15:00:00', '2023-12-31 15:00:00'),
(216, 74, 49, '2023-12-31 15:00:00', '2023-12-31 15:00:00'),
(217, 81, 50, '2023-12-31 15:00:00', '2023-12-31 15:00:00'),
(218, 74, 50, '2023-12-31 15:00:00', '2023-12-31 15:00:00'),
(219, 99, 50, '2023-12-31 15:00:00', '2023-12-31 15:00:00'),
(220, 22, 52, '2023-12-31 15:00:00', '2023-12-31 15:00:00'),
(221, 100, 52, '2023-12-31 15:00:00', '2023-12-31 15:00:00'),
(222, 7, 53, '2023-12-31 15:00:00', '2023-12-31 15:00:00'),
(223, 83, 53, '2023-12-31 15:00:00', '2023-12-31 15:00:00'),
(224, 52, 53, '2023-12-31 15:00:00', '2023-12-31 15:00:00'),
(225, 5, 53, '2023-12-31 15:00:00', '2023-12-31 15:00:00'),
(226, 55, 53, '2023-12-31 15:00:00', '2023-12-31 15:00:00'),
(227, 21, 53, '2023-12-31 15:00:00', '2023-12-31 15:00:00'),
(228, 21, 54, '2023-12-31 15:00:00', '2023-12-31 15:00:00'),
(229, 13, 54, '2023-12-31 15:00:00', '2023-12-31 15:00:00'),
(230, 39, 54, '2023-12-31 15:00:00', '2023-12-31 15:00:00'),
(231, 70, 54, '2023-12-31 15:00:00', '2023-12-31 15:00:00'),
(232, 89, 54, '2023-12-31 15:00:00', '2023-12-31 15:00:00'),
(233, 17, 54, '2023-12-31 15:00:00', '2023-12-31 15:00:00'),
(234, 36, 54, '2023-12-31 15:00:00', '2023-12-31 15:00:00'),
(235, 16, 55, '2023-12-31 15:00:00', '2023-12-31 15:00:00'),
(236, 38, 55, '2023-12-31 15:00:00', '2023-12-31 15:00:00'),
(237, 97, 55, '2023-12-31 15:00:00', '2023-12-31 15:00:00'),
(238, 83, 55, '2023-12-31 15:00:00', '2023-12-31 15:00:00'),
(239, 22, 55, '2023-12-31 15:00:00', '2023-12-31 15:00:00'),
(240, 28, 55, '2023-12-31 15:00:00', '2023-12-31 15:00:00'),
(241, 89, 55, '2023-12-31 15:00:00', '2023-12-31 15:00:00'),
(242, 91, 56, '2023-12-31 15:00:00', '2023-12-31 15:00:00'),
(243, 70, 56, '2023-12-31 15:00:00', '2023-12-31 15:00:00'),
(244, 3, 56, '2023-12-31 15:00:00', '2023-12-31 15:00:00'),
(245, 26, 56, '2023-12-31 15:00:00', '2023-12-31 15:00:00'),
(246, 65, 57, '2023-12-31 15:00:00', '2023-12-31 15:00:00'),
(247, 79, 57, '2023-12-31 15:00:00', '2023-12-31 15:00:00'),
(248, 18, 59, '2023-12-31 15:00:00', '2023-12-31 15:00:00'),
(249, 77, 59, '2023-12-31 15:00:00', '2023-12-31 15:00:00'),
(250, 1, 59, '2023-12-31 15:00:00', '2023-12-31 15:00:00'),
(251, 97, 59, '2023-12-31 15:00:00', '2023-12-31 15:00:00'),
(252, 57, 60, '2023-12-31 15:00:00', '2023-12-31 15:00:00'),
(253, 71, 60, '2023-12-31 15:00:00', '2023-12-31 15:00:00'),
(254, 32, 60, '2023-12-31 15:00:00', '2023-12-31 15:00:00'),
(255, 53, 60, '2023-12-31 15:00:00', '2023-12-31 15:00:00'),
(256, 34, 60, '2023-12-31 15:00:00', '2023-12-31 15:00:00'),
(257, 66, 60, '2023-12-31 15:00:00', '2023-12-31 15:00:00'),
(258, 72, 60, '2023-12-31 15:00:00', '2023-12-31 15:00:00'),
(259, 41, 60, '2023-12-31 15:00:00', '2023-12-31 15:00:00'),
(260, 70, 60, '2023-12-31 15:00:00', '2023-12-31 15:00:00'),
(261, 41, 63, '2023-12-31 15:00:00', '2023-12-31 15:00:00'),
(262, 85, 63, '2023-12-31 15:00:00', '2023-12-31 15:00:00'),
(263, 74, 63, '2023-12-31 15:00:00', '2023-12-31 15:00:00'),
(264, 42, 63, '2023-12-31 15:00:00', '2023-12-31 15:00:00'),
(265, 77, 63, '2023-12-31 15:00:00', '2023-12-31 15:00:00'),
(266, 8, 63, '2023-12-31 15:00:00', '2023-12-31 15:00:00'),
(267, 26, 63, '2023-12-31 15:00:00', '2023-12-31 15:00:00'),
(268, 73, 63, '2023-12-31 15:00:00', '2023-12-31 15:00:00'),
(269, 47, 64, '2023-12-31 15:00:00', '2023-12-31 15:00:00'),
(270, 43, 64, '2023-12-31 15:00:00', '2023-12-31 15:00:00'),
(271, 36, 64, '2023-12-31 15:00:00', '2023-12-31 15:00:00'),
(272, 13, 64, '2023-12-31 15:00:00', '2023-12-31 15:00:00'),
(273, 30, 64, '2023-12-31 15:00:00', '2023-12-31 15:00:00'),
(274, 65, 64, '2023-12-31 15:00:00', '2023-12-31 15:00:00'),
(275, 69, 64, '2023-12-31 15:00:00', '2023-12-31 15:00:00'),
(276, 40, 64, '2023-12-31 15:00:00', '2023-12-31 15:00:00'),
(277, 84, 64, '2023-12-31 15:00:00', '2023-12-31 15:00:00'),
(278, 33, 64, '2023-12-31 15:00:00', '2023-12-31 15:00:00'),
(279, 69, 65, '2023-12-31 15:00:00', '2023-12-31 15:00:00'),
(280, 70, 65, '2023-12-31 15:00:00', '2023-12-31 15:00:00'),
(281, 94, 65, '2023-12-31 15:00:00', '2023-12-31 15:00:00'),
(282, 93, 65, '2023-12-31 15:00:00', '2023-12-31 15:00:00'),
(283, 3, 66, '2023-12-31 15:00:00', '2023-12-31 15:00:00'),
(284, 50, 66, '2023-12-31 15:00:00', '2023-12-31 15:00:00'),
(285, 89, 66, '2023-12-31 15:00:00', '2023-12-31 15:00:00'),
(286, 79, 67, '2023-12-31 15:00:00', '2023-12-31 15:00:00'),
(287, 15, 68, '2023-12-31 15:00:00', '2023-12-31 15:00:00'),
(288, 56, 68, '2023-12-31 15:00:00', '2023-12-31 15:00:00'),
(289, 38, 68, '2023-12-31 15:00:00', '2023-12-31 15:00:00'),
(290, 3, 68, '2023-12-31 15:00:00', '2023-12-31 15:00:00'),
(291, 51, 68, '2023-12-31 15:00:00', '2023-12-31 15:00:00'),
(292, 19, 68, '2023-12-31 15:00:00', '2023-12-31 15:00:00'),
(293, 14, 68, '2023-12-31 15:00:00', '2023-12-31 15:00:00'),
(294, 37, 68, '2023-12-31 15:00:00', '2023-12-31 15:00:00'),
(295, 72, 68, '2023-12-31 15:00:00', '2023-12-31 15:00:00'),
(296, 95, 69, '2023-12-31 15:00:00', '2023-12-31 15:00:00'),
(297, 46, 69, '2023-12-31 15:00:00', '2023-12-31 15:00:00'),
(298, 74, 69, '2023-12-31 15:00:00', '2023-12-31 15:00:00'),
(299, 34, 69, '2023-12-31 15:00:00', '2023-12-31 15:00:00'),
(300, 48, 69, '2023-12-31 15:00:00', '2023-12-31 15:00:00'),
(301, 65, 69, '2023-12-31 15:00:00', '2023-12-31 15:00:00'),
(302, 34, 70, '2023-12-31 15:00:00', '2023-12-31 15:00:00'),
(303, 54, 70, '2023-12-31 15:00:00', '2023-12-31 15:00:00'),
(304, 32, 70, '2023-12-31 15:00:00', '2023-12-31 15:00:00'),
(305, 81, 70, '2023-12-31 15:00:00', '2023-12-31 15:00:00'),
(306, 67, 70, '2023-12-31 15:00:00', '2023-12-31 15:00:00'),
(307, 95, 70, '2023-12-31 15:00:00', '2023-12-31 15:00:00'),
(308, 45, 70, '2023-12-31 15:00:00', '2023-12-31 15:00:00'),
(309, 57, 71, '2023-12-31 15:00:00', '2023-12-31 15:00:00'),
(310, 96, 71, '2023-12-31 15:00:00', '2023-12-31 15:00:00'),
(311, 38, 71, '2023-12-31 15:00:00', '2023-12-31 15:00:00'),
(312, 33, 71, '2023-12-31 15:00:00', '2023-12-31 15:00:00'),
(313, 23, 71, '2023-12-31 15:00:00', '2023-12-31 15:00:00'),
(314, 89, 71, '2023-12-31 15:00:00', '2023-12-31 15:00:00'),
(315, 29, 72, '2023-12-31 15:00:00', '2023-12-31 15:00:00'),
(316, 8, 72, '2023-12-31 15:00:00', '2023-12-31 15:00:00'),
(317, 42, 72, '2023-12-31 15:00:00', '2023-12-31 15:00:00'),
(318, 26, 72, '2023-12-31 15:00:00', '2023-12-31 15:00:00'),
(319, 61, 72, '2023-12-31 15:00:00', '2023-12-31 15:00:00'),
(320, 25, 72, '2023-12-31 15:00:00', '2023-12-31 15:00:00'),
(321, 31, 72, '2023-12-31 15:00:00', '2023-12-31 15:00:00'),
(322, 78, 73, '2023-12-31 15:00:00', '2023-12-31 15:00:00'),
(323, 75, 73, '2023-12-31 15:00:00', '2023-12-31 15:00:00'),
(324, 52, 73, '2023-12-31 15:00:00', '2023-12-31 15:00:00'),
(325, 54, 73, '2023-12-31 15:00:00', '2023-12-31 15:00:00'),
(326, 87, 73, '2023-12-31 15:00:00', '2023-12-31 15:00:00'),
(327, 84, 73, '2023-12-31 15:00:00', '2023-12-31 15:00:00'),
(328, 97, 73, '2023-12-31 15:00:00', '2023-12-31 15:00:00'),
(329, 24, 73, '2023-12-31 15:00:00', '2023-12-31 15:00:00'),
(330, 65, 74, '2023-12-31 15:00:00', '2023-12-31 15:00:00'),
(331, 61, 74, '2023-12-31 15:00:00', '2023-12-31 15:00:00'),
(332, 97, 74, '2023-12-31 15:00:00', '2023-12-31 15:00:00'),
(333, 51, 75, '2023-12-31 15:00:00', '2023-12-31 15:00:00'),
(334, 14, 76, '2023-12-31 15:00:00', '2023-12-31 15:00:00'),
(335, 48, 79, '2023-12-31 15:00:00', '2023-12-31 15:00:00'),
(336, 92, 79, '2023-12-31 15:00:00', '2023-12-31 15:00:00'),
(337, 55, 79, '2023-12-31 15:00:00', '2023-12-31 15:00:00'),
(338, 78, 79, '2023-12-31 15:00:00', '2023-12-31 15:00:00'),
(339, 6, 79, '2023-12-31 15:00:00', '2023-12-31 15:00:00'),
(340, 65, 79, '2023-12-31 15:00:00', '2023-12-31 15:00:00'),
(341, 94, 80, '2023-12-31 15:00:00', '2023-12-31 15:00:00'),
(342, 90, 80, '2023-12-31 15:00:00', '2023-12-31 15:00:00'),
(343, 66, 80, '2023-12-31 15:00:00', '2023-12-31 15:00:00'),
(344, 14, 80, '2023-12-31 15:00:00', '2023-12-31 15:00:00'),
(345, 25, 80, '2023-12-31 15:00:00', '2023-12-31 15:00:00'),
(346, 22, 80, '2023-12-31 15:00:00', '2023-12-31 15:00:00'),
(347, 59, 81, '2023-12-31 15:00:00', '2023-12-31 15:00:00'),
(348, 86, 82, '2023-12-31 15:00:00', '2023-12-31 15:00:00'),
(349, 89, 82, '2023-12-31 15:00:00', '2023-12-31 15:00:00'),
(350, 92, 82, '2023-12-31 15:00:00', '2023-12-31 15:00:00'),
(351, 85, 82, '2023-12-31 15:00:00', '2023-12-31 15:00:00'),
(352, 99, 83, '2023-12-31 15:00:00', '2023-12-31 15:00:00'),
(353, 58, 83, '2023-12-31 15:00:00', '2023-12-31 15:00:00'),
(354, 16, 85, '2023-12-31 15:00:00', '2023-12-31 15:00:00'),
(355, 46, 85, '2023-12-31 15:00:00', '2023-12-31 15:00:00'),
(356, 85, 85, '2023-12-31 15:00:00', '2023-12-31 15:00:00'),
(357, 15, 85, '2023-12-31 15:00:00', '2023-12-31 15:00:00'),
(358, 89, 86, '2023-12-31 15:00:00', '2023-12-31 15:00:00'),
(359, 92, 86, '2023-12-31 15:00:00', '2023-12-31 15:00:00'),
(360, 38, 87, '2023-12-31 15:00:00', '2023-12-31 15:00:00'),
(361, 78, 87, '2023-12-31 15:00:00', '2023-12-31 15:00:00'),
(362, 100, 87, '2023-12-31 15:00:00', '2023-12-31 15:00:00'),
(363, 89, 87, '2023-12-31 15:00:00', '2023-12-31 15:00:00'),
(364, 84, 87, '2023-12-31 15:00:00', '2023-12-31 15:00:00'),
(365, 21, 87, '2023-12-31 15:00:00', '2023-12-31 15:00:00'),
(366, 44, 87, '2023-12-31 15:00:00', '2023-12-31 15:00:00'),
(367, 13, 87, '2023-12-31 15:00:00', '2023-12-31 15:00:00'),
(368, 33, 88, '2023-12-31 15:00:00', '2023-12-31 15:00:00'),
(369, 21, 88, '2023-12-31 15:00:00', '2023-12-31 15:00:00'),
(370, 58, 88, '2023-12-31 15:00:00', '2023-12-31 15:00:00'),
(371, 59, 88, '2023-12-31 15:00:00', '2023-12-31 15:00:00'),
(372, 41, 88, '2023-12-31 15:00:00', '2023-12-31 15:00:00'),
(373, 91, 88, '2023-12-31 15:00:00', '2023-12-31 15:00:00'),
(374, 94, 88, '2023-12-31 15:00:00', '2023-12-31 15:00:00'),
(375, 23, 88, '2023-12-31 15:00:00', '2023-12-31 15:00:00'),
(376, 85, 88, '2023-12-31 15:00:00', '2023-12-31 15:00:00'),
(377, 67, 89, '2023-12-31 15:00:00', '2023-12-31 15:00:00'),
(378, 52, 89, '2023-12-31 15:00:00', '2023-12-31 15:00:00'),
(379, 63, 89, '2023-12-31 15:00:00', '2023-12-31 15:00:00'),
(380, 86, 89, '2023-12-31 15:00:00', '2023-12-31 15:00:00'),
(381, 65, 89, '2023-12-31 15:00:00', '2023-12-31 15:00:00'),
(382, 26, 89, '2023-12-31 15:00:00', '2023-12-31 15:00:00'),
(383, 3, 89, '2023-12-31 15:00:00', '2023-12-31 15:00:00'),
(384, 77, 90, '2023-12-31 15:00:00', '2023-12-31 15:00:00'),
(385, 53, 90, '2023-12-31 15:00:00', '2023-12-31 15:00:00'),
(386, 17, 90, '2023-12-31 15:00:00', '2023-12-31 15:00:00'),
(387, 8, 90, '2023-12-31 15:00:00', '2023-12-31 15:00:00'),
(388, 62, 91, '2023-12-31 15:00:00', '2023-12-31 15:00:00'),
(389, 2, 91, '2023-12-31 15:00:00', '2023-12-31 15:00:00'),
(390, 25, 91, '2023-12-31 15:00:00', '2023-12-31 15:00:00'),
(391, 11, 92, '2023-12-31 15:00:00', '2023-12-31 15:00:00'),
(392, 8, 92, '2023-12-31 15:00:00', '2023-12-31 15:00:00'),
(393, 69, 92, '2023-12-31 15:00:00', '2023-12-31 15:00:00'),
(394, 20, 92, '2023-12-31 15:00:00', '2023-12-31 15:00:00'),
(395, 89, 92, '2023-12-31 15:00:00', '2023-12-31 15:00:00'),
(396, 41, 92, '2023-12-31 15:00:00', '2023-12-31 15:00:00'),
(397, 59, 92, '2023-12-31 15:00:00', '2023-12-31 15:00:00'),
(398, 19, 92, '2023-12-31 15:00:00', '2023-12-31 15:00:00'),
(399, 88, 92, '2023-12-31 15:00:00', '2023-12-31 15:00:00'),
(400, 25, 92, '2023-12-31 15:00:00', '2023-12-31 15:00:00'),
(401, 33, 94, '2023-12-31 15:00:00', '2023-12-31 15:00:00'),
(402, 50, 94, '2023-12-31 15:00:00', '2023-12-31 15:00:00'),
(403, 71, 94, '2023-12-31 15:00:00', '2023-12-31 15:00:00'),
(404, 58, 94, '2023-12-31 15:00:00', '2023-12-31 15:00:00'),
(405, 90, 94, '2023-12-31 15:00:00', '2023-12-31 15:00:00'),
(406, 78, 94, '2023-12-31 15:00:00', '2023-12-31 15:00:00'),
(407, 59, 95, '2023-12-31 15:00:00', '2023-12-31 15:00:00'),
(408, 26, 95, '2023-12-31 15:00:00', '2023-12-31 15:00:00'),
(409, 97, 95, '2023-12-31 15:00:00', '2023-12-31 15:00:00'),
(410, 91, 96, '2023-12-31 15:00:00', '2023-12-31 15:00:00'),
(411, 1, 96, '2023-12-31 15:00:00', '2023-12-31 15:00:00'),
(412, 36, 96, '2023-12-31 15:00:00', '2023-12-31 15:00:00'),
(413, 77, 96, '2023-12-31 15:00:00', '2023-12-31 15:00:00'),
(414, 88, 96, '2023-12-31 15:00:00', '2023-12-31 15:00:00'),
(415, 24, 96, '2023-12-31 15:00:00', '2023-12-31 15:00:00'),
(416, 42, 96, '2023-12-31 15:00:00', '2023-12-31 15:00:00'),
(417, 21, 96, '2023-12-31 15:00:00', '2023-12-31 15:00:00'),
(418, 63, 96, '2023-12-31 15:00:00', '2023-12-31 15:00:00'),
(419, 84, 96, '2023-12-31 15:00:00', '2023-12-31 15:00:00'),
(420, 96, 97, '2023-12-31 15:00:00', '2023-12-31 15:00:00'),
(421, 12, 97, '2023-12-31 15:00:00', '2023-12-31 15:00:00'),
(422, 98, 97, '2023-12-31 15:00:00', '2023-12-31 15:00:00'),
(423, 81, 98, '2023-12-31 15:00:00', '2023-12-31 15:00:00'),
(424, 63, 98, '2023-12-31 15:00:00', '2023-12-31 15:00:00'),
(425, 62, 98, '2023-12-31 15:00:00', '2023-12-31 15:00:00'),
(426, 3, 98, '2023-12-31 15:00:00', '2023-12-31 15:00:00'),
(427, 44, 98, '2023-12-31 15:00:00', '2023-12-31 15:00:00'),
(428, 17, 98, '2023-12-31 15:00:00', '2023-12-31 15:00:00'),
(429, 29, 99, '2023-12-31 15:00:00', '2023-12-31 15:00:00'),
(430, 84, 99, '2023-12-31 15:00:00', '2023-12-31 15:00:00'),
(431, 64, 99, '2023-12-31 15:00:00', '2023-12-31 15:00:00'),
(432, 83, 99, '2023-12-31 15:00:00', '2023-12-31 15:00:00'),
(433, 76, 100, '2023-12-31 15:00:00', '2023-12-31 15:00:00'),
(434, 99, 100, '2023-12-31 15:00:00', '2023-12-31 15:00:00'),
(435, 37, 101, '2023-12-31 15:00:00', '2023-12-31 15:00:00'),
(436, 45, 101, '2023-12-31 15:00:00', '2023-12-31 15:00:00'),
(437, 17, 101, '2023-12-31 15:00:00', '2023-12-31 15:00:00'),
(438, 73, 101, '2023-12-31 15:00:00', '2023-12-31 15:00:00'),
(439, 20, 101, '2023-12-31 15:00:00', '2023-12-31 15:00:00'),
(440, 53, 101, '2023-12-31 15:00:00', '2023-12-31 15:00:00'),
(441, 81, 101, '2023-12-31 15:00:00', '2023-12-31 15:00:00'),
(442, 36, 101, '2023-12-31 15:00:00', '2023-12-31 15:00:00'),
(443, 2, 101, '2023-12-31 15:00:00', '2023-12-31 15:00:00'),
(444, 3, 1, '2023-12-31 15:00:00', '2023-12-31 15:00:00'),
(445, 4, 1, '2023-12-31 15:00:00', '2023-12-31 15:00:00'),
(446, 5, 1, '2023-12-31 15:00:00', '2023-12-31 15:00:00'),
(447, 6, 1, '2023-12-31 15:00:00', '2023-12-31 15:00:00'),
(448, 7, 1, '2023-12-31 15:00:00', '2023-12-31 15:00:00'),
(449, 8, 1, '2023-12-31 15:00:00', '2023-12-31 15:00:00'),
(450, 9, 1, '2023-12-31 15:00:00', '2023-12-31 15:00:00');

-- --------------------------------------------------------

--
-- テーブルの構造 `reviews`
--

CREATE TABLE `reviews` (
  `id` bigint(20) UNSIGNED NOT NULL,
  `content` text NOT NULL,
  `score` int(10) UNSIGNED NOT NULL,
  `restaurant_id` bigint(20) UNSIGNED NOT NULL,
  `user_id` bigint(20) UNSIGNED NOT NULL,
  `created_at` timestamp NULL DEFAULT NULL,
  `updated_at` timestamp NULL DEFAULT NULL
) ENGINE=InnoDB DEFAULT CHARSET=utf8mb4 COLLATE=utf8mb4_unicode_ci;

--
-- テーブルのデータのダンプ `reviews`
--

INSERT INTO `reviews` (`id`, `content`, `score`, `restaurant_id`, `user_id`, `created_at`, `updated_at`) VALUES
(1, '名古屋では有名な格安で焼肉食べ放題のお店。タイミングよく仕事で行く機会があったので、地元の友人と一緒に来店しました。店内は広くゆったりとできます。', 3, 21, 74, '2023-12-31 15:00:00', '2023-12-31 15:00:00'),
(2, '名古屋では有名な格安で焼肉食べ放題のお店。タイミングよく仕事で行く機会があったので、地元の友人と一緒に来店しました。店内は広くゆったりとできます。', 1, 66, 48, '2023-12-31 15:00:00', '2023-12-31 15:00:00'),
(3, '名古屋では有名な格安で焼肉食べ放題のお店。タイミングよく仕事で行く機会があったので、地元の友人と一緒に来店しました。店内は広くゆったりとできます。', 1, 62, 63, '2023-12-31 15:00:00', '2023-12-31 15:00:00'),
(4, '名古屋では有名な格安で焼肉食べ放題のお店。タイミングよく仕事で行く機会があったので、地元の友人と一緒に来店しました。店内は広くゆったりとできます。', 3, 78, 25, '2023-12-31 15:00:00', '2023-12-31 15:00:00'),
(5, '名古屋では有名な格安で焼肉食べ放題のお店。タイミングよく仕事で行く機会があったので、地元の友人と一緒に来店しました。店内は広くゆったりとできます。', 3, 10, 93, '2023-12-31 15:00:00', '2023-12-31 15:00:00'),
(6, '名古屋では有名な格安で焼肉食べ放題のお店。タイミングよく仕事で行く機会があったので、地元の友人と一緒に来店しました。店内は広くゆったりとできます。', 3, 42, 51, '2023-12-31 15:00:00', '2023-12-31 15:00:00'),
(7, '名古屋では有名な格安で焼肉食べ放題のお店。タイミングよく仕事で行く機会があったので、地元の友人と一緒に来店しました。店内は広くゆったりとできます。', 1, 61, 80, '2023-12-31 15:00:00', '2023-12-31 15:00:00'),
(8, '名古屋では有名な格安で焼肉食べ放題のお店。タイミングよく仕事で行く機会があったので、地元の友人と一緒に来店しました。店内は広くゆったりとできます。', 1, 1, 56, '2023-12-31 15:00:00', '2023-12-31 15:00:00'),
(9, '名古屋では有名な格安で焼肉食べ放題のお店。タイミングよく仕事で行く機会があったので、地元の友人と一緒に来店しました。店内は広くゆったりとできます。', 1, 44, 25, '2023-12-31 15:00:00', '2023-12-31 15:00:00'),
(10, '名古屋では有名な格安で焼肉食べ放題のお店。タイミングよく仕事で行く機会があったので、地元の友人と一緒に来店しました。店内は広くゆったりとできます。', 3, 32, 45, '2023-12-31 15:00:00', '2023-12-31 15:00:00'),
(11, '名古屋では有名な格安で焼肉食べ放題のお店。タイミングよく仕事で行く機会があったので、地元の友人と一緒に来店しました。店内は広くゆったりとできます。', 4, 3, 86, '2023-12-31 15:00:00', '2023-12-31 15:00:00'),
(12, '名古屋では有名な格安で焼肉食べ放題のお店。タイミングよく仕事で行く機会があったので、地元の友人と一緒に来店しました。店内は広くゆったりとできます。', 1, 95, 39, '2023-12-31 15:00:00', '2023-12-31 15:00:00'),
(13, '名古屋では有名な格安で焼肉食べ放題のお店。タイミングよく仕事で行く機会があったので、地元の友人と一緒に来店しました。店内は広くゆったりとできます。', 1, 90, 99, '2023-12-31 15:00:00', '2023-12-31 15:00:00'),
(14, '名古屋では有名な格安で焼肉食べ放題のお店。タイミングよく仕事で行く機会があったので、地元の友人と一緒に来店しました。店内は広くゆったりとできます。', 4, 52, 79, '2023-12-31 15:00:00', '2023-12-31 15:00:00'),
(15, '名古屋では有名な格安で焼肉食べ放題のお店。タイミングよく仕事で行く機会があったので、地元の友人と一緒に来店しました。店内は広くゆったりとできます。', 3, 6, 8, '2023-12-31 15:00:00', '2023-12-31 15:00:00'),
(16, '名古屋では有名な格安で焼肉食べ放題のお店。タイミングよく仕事で行く機会があったので、地元の友人と一緒に来店しました。店内は広くゆったりとできます。', 1, 82, 71, '2023-12-31 15:00:00', '2023-12-31 15:00:00'),
(17, '名古屋では有名な格安で焼肉食べ放題のお店。タイミングよく仕事で行く機会があったので、地元の友人と一緒に来店しました。店内は広くゆったりとできます。', 3, 35, 86, '2023-12-31 15:00:00', '2023-12-31 15:00:00'),
(18, '名古屋では有名な格安で焼肉食べ放題のお店。タイミングよく仕事で行く機会があったので、地元の友人と一緒に来店しました。店内は広くゆったりとできます。', 4, 68, 43, '2023-12-31 15:00:00', '2023-12-31 15:00:00'),
(19, '名古屋では有名な格安で焼肉食べ放題のお店。タイミングよく仕事で行く機会があったので、地元の友人と一緒に来店しました。店内は広くゆったりとできます。', 3, 91, 82, '2023-12-31 15:00:00', '2023-12-31 15:00:00'),
(20, '名古屋では有名な格安で焼肉食べ放題のお店。タイミングよく仕事で行く機会があったので、地元の友人と一緒に来店しました。店内は広くゆったりとできます。', 4, 76, 86, '2023-12-31 15:00:00', '2023-12-31 15:00:00'),
(21, '名古屋では有名な格安で焼肉食べ放題のお店。タイミングよく仕事で行く機会があったので、地元の友人と一緒に来店しました。店内は広くゆったりとできます。', 5, 7, 51, '2023-12-31 15:00:00', '2023-12-31 15:00:00'),
(22, '名古屋では有名な格安で焼肉食べ放題のお店。タイミングよく仕事で行く機会があったので、地元の友人と一緒に来店しました。店内は広くゆったりとできます。', 1, 33, 51, '2023-12-31 15:00:00', '2023-12-31 15:00:00'),
(23, '名古屋では有名な格安で焼肉食べ放題のお店。タイミングよく仕事で行く機会があったので、地元の友人と一緒に来店しました。店内は広くゆったりとできます。', 1, 10, 63, '2023-12-31 15:00:00', '2023-12-31 15:00:00'),
(24, '名古屋では有名な格安で焼肉食べ放題のお店。タイミングよく仕事で行く機会があったので、地元の友人と一緒に来店しました。店内は広くゆったりとできます。', 5, 68, 78, '2023-12-31 15:00:00', '2023-12-31 15:00:00'),
(25, '名古屋では有名な格安で焼肉食べ放題のお店。タイミングよく仕事で行く機会があったので、地元の友人と一緒に来店しました。店内は広くゆったりとできます。', 5, 20, 24, '2023-12-31 15:00:00', '2023-12-31 15:00:00'),
(26, '名古屋では有名な格安で焼肉食べ放題のお店。タイミングよく仕事で行く機会があったので、地元の友人と一緒に来店しました。店内は広くゆったりとできます。', 4, 93, 21, '2023-12-31 15:00:00', '2023-12-31 15:00:00'),
(27, '名古屋では有名な格安で焼肉食べ放題のお店。タイミングよく仕事で行く機会があったので、地元の友人と一緒に来店しました。店内は広くゆったりとできます。', 3, 4, 12, '2023-12-31 15:00:00', '2023-12-31 15:00:00'),
(28, '名古屋では有名な格安で焼肉食べ放題のお店。タイミングよく仕事で行く機会があったので、地元の友人と一緒に来店しました。店内は広くゆったりとできます。', 4, 48, 38, '2023-12-31 15:00:00', '2023-12-31 15:00:00'),
(29, '名古屋では有名な格安で焼肉食べ放題のお店。タイミングよく仕事で行く機会があったので、地元の友人と一緒に来店しました。店内は広くゆったりとできます。', 2, 86, 59, '2023-12-31 15:00:00', '2023-12-31 15:00:00'),
(30, '名古屋では有名な格安で焼肉食べ放題のお店。タイミングよく仕事で行く機会があったので、地元の友人と一緒に来店しました。店内は広くゆったりとできます。', 5, 95, 81, '2023-12-31 15:00:00', '2023-12-31 15:00:00'),
(31, '名古屋では有名な格安で焼肉食べ放題のお店。タイミングよく仕事で行く機会があったので、地元の友人と一緒に来店しました。店内は広くゆったりとできます。', 1, 69, 88, '2023-12-31 15:00:00', '2023-12-31 15:00:00'),
(32, '名古屋では有名な格安で焼肉食べ放題のお店。タイミングよく仕事で行く機会があったので、地元の友人と一緒に来店しました。店内は広くゆったりとできます。', 5, 79, 75, '2023-12-31 15:00:00', '2023-12-31 15:00:00'),
(33, '名古屋では有名な格安で焼肉食べ放題のお店。タイミングよく仕事で行く機会があったので、地元の友人と一緒に来店しました。店内は広くゆったりとできます。', 4, 58, 44, '2023-12-31 15:00:00', '2023-12-31 15:00:00'),
(34, '名古屋では有名な格安で焼肉食べ放題のお店。タイミングよく仕事で行く機会があったので、地元の友人と一緒に来店しました。店内は広くゆったりとできます。', 1, 77, 54, '2023-12-31 15:00:00', '2023-12-31 15:00:00'),
(35, '名古屋では有名な格安で焼肉食べ放題のお店。タイミングよく仕事で行く機会があったので、地元の友人と一緒に来店しました。店内は広くゆったりとできます。', 3, 20, 47, '2023-12-31 15:00:00', '2023-12-31 15:00:00'),
(36, '名古屋では有名な格安で焼肉食べ放題のお店。タイミングよく仕事で行く機会があったので、地元の友人と一緒に来店しました。店内は広くゆったりとできます。', 2, 34, 57, '2023-12-31 15:00:00', '2023-12-31 15:00:00'),
(37, '名古屋では有名な格安で焼肉食べ放題のお店。タイミングよく仕事で行く機会があったので、地元の友人と一緒に来店しました。店内は広くゆったりとできます。', 2, 5, 42, '2023-12-31 15:00:00', '2023-12-31 15:00:00'),
(38, '名古屋では有名な格安で焼肉食べ放題のお店。タイミングよく仕事で行く機会があったので、地元の友人と一緒に来店しました。店内は広くゆったりとできます。', 1, 51, 28, '2023-12-31 15:00:00', '2023-12-31 15:00:00'),
(39, '名古屋では有名な格安で焼肉食べ放題のお店。タイミングよく仕事で行く機会があったので、地元の友人と一緒に来店しました。店内は広くゆったりとできます。', 1, 27, 9, '2023-12-31 15:00:00', '2023-12-31 15:00:00'),
(40, '名古屋では有名な格安で焼肉食べ放題のお店。タイミングよく仕事で行く機会があったので、地元の友人と一緒に来店しました。店内は広くゆったりとできます。', 1, 12, 3, '2023-12-31 15:00:00', '2023-12-31 15:00:00'),
(41, '名古屋では有名な格安で焼肉食べ放題のお店。タイミングよく仕事で行く機会があったので、地元の友人と一緒に来店しました。店内は広くゆったりとできます。', 4, 35, 72, '2023-12-31 15:00:00', '2023-12-31 15:00:00'),
(42, '名古屋では有名な格安で焼肉食べ放題のお店。タイミングよく仕事で行く機会があったので、地元の友人と一緒に来店しました。店内は広くゆったりとできます。', 2, 4, 10, '2023-12-31 15:00:00', '2023-12-31 15:00:00'),
(43, '名古屋では有名な格安で焼肉食べ放題のお店。タイミングよく仕事で行く機会があったので、地元の友人と一緒に来店しました。店内は広くゆったりとできます。', 4, 77, 55, '2023-12-31 15:00:00', '2023-12-31 15:00:00'),
(44, '名古屋では有名な格安で焼肉食べ放題のお店。タイミングよく仕事で行く機会があったので、地元の友人と一緒に来店しました。店内は広くゆったりとできます。', 2, 40, 70, '2023-12-31 15:00:00', '2023-12-31 15:00:00'),
(45, '名古屋では有名な格安で焼肉食べ放題のお店。タイミングよく仕事で行く機会があったので、地元の友人と一緒に来店しました。店内は広くゆったりとできます。', 3, 66, 98, '2023-12-31 15:00:00', '2023-12-31 15:00:00'),
(46, '名古屋では有名な格安で焼肉食べ放題のお店。タイミングよく仕事で行く機会があったので、地元の友人と一緒に来店しました。店内は広くゆったりとできます。', 3, 92, 90, '2023-12-31 15:00:00', '2023-12-31 15:00:00'),
(47, '名古屋では有名な格安で焼肉食べ放題のお店。タイミングよく仕事で行く機会があったので、地元の友人と一緒に来店しました。店内は広くゆったりとできます。', 3, 10, 61, '2023-12-31 15:00:00', '2023-12-31 15:00:00'),
(48, '名古屋では有名な格安で焼肉食べ放題のお店。タイミングよく仕事で行く機会があったので、地元の友人と一緒に来店しました。店内は広くゆったりとできます。', 2, 44, 20, '2023-12-31 15:00:00', '2023-12-31 15:00:00'),
(49, '名古屋では有名な格安で焼肉食べ放題のお店。タイミングよく仕事で行く機会があったので、地元の友人と一緒に来店しました。店内は広くゆったりとできます。', 1, 95, 25, '2023-12-31 15:00:00', '2023-12-31 15:00:00'),
(50, '名古屋では有名な格安で焼肉食べ放題のお店。タイミングよく仕事で行く機会があったので、地元の友人と一緒に来店しました。店内は広くゆったりとできます。', 4, 97, 10, '2023-12-31 15:00:00', '2023-12-31 15:00:00'),
(51, '名古屋では有名な格安で焼肉食べ放題のお店。タイミングよく仕事で行く機会があったので、地元の友人と一緒に来店しました。店内は広くゆったりとできます。', 2, 1, 11, '2023-12-31 15:00:00', '2023-12-31 15:00:00'),
(52, '名古屋では有名な格安で焼肉食べ放題のお店。タイミングよく仕事で行く機会があったので、地元の友人と一緒に来店しました。店内は広くゆったりとできます。', 4, 98, 66, '2023-12-31 15:00:00', '2023-12-31 15:00:00'),
(53, '名古屋では有名な格安で焼肉食べ放題のお店。タイミングよく仕事で行く機会があったので、地元の友人と一緒に来店しました。店内は広くゆったりとできます。', 3, 63, 56, '2023-12-31 15:00:00', '2023-12-31 15:00:00'),
(54, '名古屋では有名な格安で焼肉食べ放題のお店。タイミングよく仕事で行く機会があったので、地元の友人と一緒に来店しました。店内は広くゆったりとできます。', 3, 55, 2, '2023-12-31 15:00:00', '2023-12-31 15:00:00'),
(55, '名古屋では有名な格安で焼肉食べ放題のお店。タイミングよく仕事で行く機会があったので、地元の友人と一緒に来店しました。店内は広くゆったりとできます。', 4, 21, 2, '2023-12-31 15:00:00', '2023-12-31 15:00:00'),
(56, '名古屋では有名な格安で焼肉食べ放題のお店。タイミングよく仕事で行く機会があったので、地元の友人と一緒に来店しました。店内は広くゆったりとできます。', 4, 52, 45, '2023-12-31 15:00:00', '2023-12-31 15:00:00'),
(57, '名古屋では有名な格安で焼肉食べ放題のお店。タイミングよく仕事で行く機会があったので、地元の友人と一緒に来店しました。店内は広くゆったりとできます。', 5, 31, 59, '2023-12-31 15:00:00', '2023-12-31 15:00:00'),
(58, '名古屋では有名な格安で焼肉食べ放題のお店。タイミングよく仕事で行く機会があったので、地元の友人と一緒に来店しました。店内は広くゆったりとできます。', 1, 40, 89, '2023-12-31 15:00:00', '2023-12-31 15:00:00'),
(59, '名古屋では有名な格安で焼肉食べ放題のお店。タイミングよく仕事で行く機会があったので、地元の友人と一緒に来店しました。店内は広くゆったりとできます。', 4, 14, 9, '2023-12-31 15:00:00', '2023-12-31 15:00:00'),
(60, '名古屋では有名な格安で焼肉食べ放題のお店。タイミングよく仕事で行く機会があったので、地元の友人と一緒に来店しました。店内は広くゆったりとできます。', 3, 15, 52, '2023-12-31 15:00:00', '2023-12-31 15:00:00'),
(61, '名古屋では有名な格安で焼肉食べ放題のお店。タイミングよく仕事で行く機会があったので、地元の友人と一緒に来店しました。店内は広くゆったりとできます。', 4, 26, 27, '2023-12-31 15:00:00', '2023-12-31 15:00:00'),
(62, '名古屋では有名な格安で焼肉食べ放題のお店。タイミングよく仕事で行く機会があったので、地元の友人と一緒に来店しました。店内は広くゆったりとできます。', 4, 24, 15, '2023-12-31 15:00:00', '2023-12-31 15:00:00'),
(63, '名古屋では有名な格安で焼肉食べ放題のお店。タイミングよく仕事で行く機会があったので、地元の友人と一緒に来店しました。店内は広くゆったりとできます。', 1, 16, 57, '2023-12-31 15:00:00', '2023-12-31 15:00:00'),
(64, '名古屋では有名な格安で焼肉食べ放題のお店。タイミングよく仕事で行く機会があったので、地元の友人と一緒に来店しました。店内は広くゆったりとできます。', 3, 4, 25, '2023-12-31 15:00:00', '2023-12-31 15:00:00'),
(65, '名古屋では有名な格安で焼肉食べ放題のお店。タイミングよく仕事で行く機会があったので、地元の友人と一緒に来店しました。店内は広くゆったりとできます。', 2, 52, 59, '2023-12-31 15:00:00', '2023-12-31 15:00:00'),
(66, '名古屋では有名な格安で焼肉食べ放題のお店。タイミングよく仕事で行く機会があったので、地元の友人と一緒に来店しました。店内は広くゆったりとできます。', 3, 29, 26, '2023-12-31 15:00:00', '2023-12-31 15:00:00'),
(67, '名古屋では有名な格安で焼肉食べ放題のお店。タイミングよく仕事で行く機会があったので、地元の友人と一緒に来店しました。店内は広くゆったりとできます。', 3, 71, 97, '2023-12-31 15:00:00', '2023-12-31 15:00:00'),
(68, '名古屋では有名な格安で焼肉食べ放題のお店。タイミングよく仕事で行く機会があったので、地元の友人と一緒に来店しました。店内は広くゆったりとできます。', 1, 28, 93, '2023-12-31 15:00:00', '2023-12-31 15:00:00'),
(69, '名古屋では有名な格安で焼肉食べ放題のお店。タイミングよく仕事で行く機会があったので、地元の友人と一緒に来店しました。店内は広くゆったりとできます。', 4, 20, 6, '2023-12-31 15:00:00', '2023-12-31 15:00:00'),
(70, '名古屋では有名な格安で焼肉食べ放題のお店。タイミングよく仕事で行く機会があったので、地元の友人と一緒に来店しました。店内は広くゆったりとできます。', 2, 49, 96, '2023-12-31 15:00:00', '2023-12-31 15:00:00'),
(71, '名古屋では有名な格安で焼肉食べ放題のお店。タイミングよく仕事で行く機会があったので、地元の友人と一緒に来店しました。店内は広くゆったりとできます。', 1, 66, 21, '2023-12-31 15:00:00', '2023-12-31 15:00:00'),
(72, '名古屋では有名な格安で焼肉食べ放題のお店。タイミングよく仕事で行く機会があったので、地元の友人と一緒に来店しました。店内は広くゆったりとできます。', 5, 63, 14, '2023-12-31 15:00:00', '2023-12-31 15:00:00'),
(73, '名古屋では有名な格安で焼肉食べ放題のお店。タイミングよく仕事で行く機会があったので、地元の友人と一緒に来店しました。店内は広くゆったりとできます。', 1, 11, 8, '2023-12-31 15:00:00', '2023-12-31 15:00:00'),
(74, '名古屋では有名な格安で焼肉食べ放題のお店。タイミングよく仕事で行く機会があったので、地元の友人と一緒に来店しました。店内は広くゆったりとできます。', 3, 31, 85, '2023-12-31 15:00:00', '2023-12-31 15:00:00'),
(75, '名古屋では有名な格安で焼肉食べ放題のお店。タイミングよく仕事で行く機会があったので、地元の友人と一緒に来店しました。店内は広くゆったりとできます。', 2, 67, 23, '2023-12-31 15:00:00', '2023-12-31 15:00:00'),
(76, '名古屋では有名な格安で焼肉食べ放題のお店。タイミングよく仕事で行く機会があったので、地元の友人と一緒に来店しました。店内は広くゆったりとできます。', 1, 53, 62, '2023-12-31 15:00:00', '2023-12-31 15:00:00'),
(77, '名古屋では有名な格安で焼肉食べ放題のお店。タイミングよく仕事で行く機会があったので、地元の友人と一緒に来店しました。店内は広くゆったりとできます。', 1, 15, 99, '2023-12-31 15:00:00', '2023-12-31 15:00:00'),
(78, '名古屋では有名な格安で焼肉食べ放題のお店。タイミングよく仕事で行く機会があったので、地元の友人と一緒に来店しました。店内は広くゆったりとできます。', 4, 77, 66, '2023-12-31 15:00:00', '2023-12-31 15:00:00'),
(79, '名古屋では有名な格安で焼肉食べ放題のお店。タイミングよく仕事で行く機会があったので、地元の友人と一緒に来店しました。店内は広くゆったりとできます。', 5, 18, 1, '2023-12-31 15:00:00', '2023-12-31 15:00:00'),
(80, '名古屋では有名な格安で焼肉食べ放題のお店。タイミングよく仕事で行く機会があったので、地元の友人と一緒に来店しました。店内は広くゆったりとできます。', 1, 36, 19, '2023-12-31 15:00:00', '2023-12-31 15:00:00'),
(81, '名古屋では有名な格安で焼肉食べ放題のお店。タイミングよく仕事で行く機会があったので、地元の友人と一緒に来店しました。店内は広くゆったりとできます。', 5, 48, 31, '2023-12-31 15:00:00', '2023-12-31 15:00:00'),
(82, '名古屋では有名な格安で焼肉食べ放題のお店。タイミングよく仕事で行く機会があったので、地元の友人と一緒に来店しました。店内は広くゆったりとできます。', 1, 75, 58, '2023-12-31 15:00:00', '2023-12-31 15:00:00'),
(83, '名古屋では有名な格安で焼肉食べ放題のお店。タイミングよく仕事で行く機会があったので、地元の友人と一緒に来店しました。店内は広くゆったりとできます。', 2, 66, 9, '2023-12-31 15:00:00', '2023-12-31 15:00:00'),
(84, '名古屋では有名な格安で焼肉食べ放題のお店。タイミングよく仕事で行く機会があったので、地元の友人と一緒に来店しました。店内は広くゆったりとできます。', 5, 69, 8, '2023-12-31 15:00:00', '2023-12-31 15:00:00'),
(85, '名古屋では有名な格安で焼肉食べ放題のお店。タイミングよく仕事で行く機会があったので、地元の友人と一緒に来店しました。店内は広くゆったりとできます。', 5, 37, 90, '2023-12-31 15:00:00', '2023-12-31 15:00:00'),
(86, '名古屋では有名な格安で焼肉食べ放題のお店。タイミングよく仕事で行く機会があったので、地元の友人と一緒に来店しました。店内は広くゆったりとできます。', 5, 68, 33, '2023-12-31 15:00:00', '2023-12-31 15:00:00'),
(87, '名古屋では有名な格安で焼肉食べ放題のお店。タイミングよく仕事で行く機会があったので、地元の友人と一緒に来店しました。店内は広くゆったりとできます。', 4, 99, 18, '2023-12-31 15:00:00', '2023-12-31 15:00:00'),
(88, '名古屋では有名な格安で焼肉食べ放題のお店。タイミングよく仕事で行く機会があったので、地元の友人と一緒に来店しました。店内は広くゆったりとできます。', 4, 24, 70, '2023-12-31 15:00:00', '2023-12-31 15:00:00'),
(89, '名古屋では有名な格安で焼肉食べ放題のお店。タイミングよく仕事で行く機会があったので、地元の友人と一緒に来店しました。店内は広くゆったりとできます。', 1, 28, 14, '2023-12-31 15:00:00', '2023-12-31 15:00:00'),
(90, '名古屋では有名な格安で焼肉食べ放題のお店。タイミングよく仕事で行く機会があったので、地元の友人と一緒に来店しました。店内は広くゆったりとできます。', 5, 70, 83, '2023-12-31 15:00:00', '2023-12-31 15:00:00'),
(91, '名古屋では有名な格安で焼肉食べ放題のお店。タイミングよく仕事で行く機会があったので、地元の友人と一緒に来店しました。店内は広くゆったりとできます。', 5, 98, 6, '2023-12-31 15:00:00', '2023-12-31 15:00:00'),
(92, '名古屋では有名な格安で焼肉食べ放題のお店。タイミングよく仕事で行く機会があったので、地元の友人と一緒に来店しました。店内は広くゆったりとできます。', 3, 60, 66, '2023-12-31 15:00:00', '2023-12-31 15:00:00'),
(93, '名古屋では有名な格安で焼肉食べ放題のお店。タイミングよく仕事で行く機会があったので、地元の友人と一緒に来店しました。店内は広くゆったりとできます。', 2, 62, 1, '2023-12-31 15:00:00', '2023-12-31 15:00:00'),
(94, '名古屋では有名な格安で焼肉食べ放題のお店。タイミングよく仕事で行く機会があったので、地元の友人と一緒に来店しました。店内は広くゆったりとできます。', 5, 22, 57, '2023-12-31 15:00:00', '2023-12-31 15:00:00'),
(95, '名古屋では有名な格安で焼肉食べ放題のお店。タイミングよく仕事で行く機会があったので、地元の友人と一緒に来店しました。店内は広くゆったりとできます。', 2, 13, 78, '2023-12-31 15:00:00', '2023-12-31 15:00:00'),
(96, '名古屋では有名な格安で焼肉食べ放題のお店。タイミングよく仕事で行く機会があったので、地元の友人と一緒に来店しました。店内は広くゆったりとできます。', 2, 100, 60, '2023-12-31 15:00:00', '2023-12-31 15:00:00'),
(97, '名古屋では有名な格安で焼肉食べ放題のお店。タイミングよく仕事で行く機会があったので、地元の友人と一緒に来店しました。店内は広くゆったりとできます。', 4, 25, 100, '2023-12-31 15:00:00', '2023-12-31 15:00:00'),
(98, '名古屋では有名な格安で焼肉食べ放題のお店。タイミングよく仕事で行く機会があったので、地元の友人と一緒に来店しました。店内は広くゆったりとできます。', 2, 22, 41, '2023-12-31 15:00:00', '2023-12-31 15:00:00'),
(99, '名古屋では有名な格安で焼肉食べ放題のお店。タイミングよく仕事で行く機会があったので、地元の友人と一緒に来店しました。店内は広くゆったりとできます。', 4, 54, 68, '2023-12-31 15:00:00', '2023-12-31 15:00:00'),
(100, '名古屋では有名な格安で焼肉食べ放題のお店。タイミングよく仕事で行く機会があったので、地元の友人と一緒に来店しました。店内は広くゆったりとできます。', 2, 54, 63, '2023-12-31 15:00:00', '2023-12-31 15:00:00'),
(101, '名古屋では有名な格安で焼肉食べ放題のお店。タイミングよく仕事で行く機会があったので、地元の友人と一緒に来店しました。店内は広くゆったりとできます。', 5, 68, 37, '2023-12-31 15:00:00', '2023-12-31 15:00:00'),
(102, '名古屋では有名な格安で焼肉食べ放題のお店。タイミングよく仕事で行く機会があったので、地元の友人と一緒に来店しました。店内は広くゆったりとできます。', 4, 79, 59, '2023-12-31 15:00:00', '2023-12-31 15:00:00'),
(103, '名古屋では有名な格安で焼肉食べ放題のお店。タイミングよく仕事で行く機会があったので、地元の友人と一緒に来店しました。店内は広くゆったりとできます。', 3, 55, 4, '2023-12-31 15:00:00', '2023-12-31 15:00:00'),
(104, '名古屋では有名な格安で焼肉食べ放題のお店。タイミングよく仕事で行く機会があったので、地元の友人と一緒に来店しました。店内は広くゆったりとできます。', 1, 11, 40, '2023-12-31 15:00:00', '2023-12-31 15:00:00'),
(105, '名古屋では有名な格安で焼肉食べ放題のお店。タイミングよく仕事で行く機会があったので、地元の友人と一緒に来店しました。店内は広くゆったりとできます。', 1, 55, 26, '2023-12-31 15:00:00', '2023-12-31 15:00:00'),
(106, '名古屋では有名な格安で焼肉食べ放題のお店。タイミングよく仕事で行く機会があったので、地元の友人と一緒に来店しました。店内は広くゆったりとできます。', 4, 36, 36, '2023-12-31 15:00:00', '2023-12-31 15:00:00'),
(107, '名古屋では有名な格安で焼肉食べ放題のお店。タイミングよく仕事で行く機会があったので、地元の友人と一緒に来店しました。店内は広くゆったりとできます。', 3, 99, 79, '2023-12-31 15:00:00', '2023-12-31 15:00:00'),
(108, '名古屋では有名な格安で焼肉食べ放題のお店。タイミングよく仕事で行く機会があったので、地元の友人と一緒に来店しました。店内は広くゆったりとできます。', 5, 20, 10, '2023-12-31 15:00:00', '2023-12-31 15:00:00'),
(109, '名古屋では有名な格安で焼肉食べ放題のお店。タイミングよく仕事で行く機会があったので、地元の友人と一緒に来店しました。店内は広くゆったりとできます。', 3, 28, 12, '2023-12-31 15:00:00', '2023-12-31 15:00:00'),
(110, '名古屋では有名な格安で焼肉食べ放題のお店。タイミングよく仕事で行く機会があったので、地元の友人と一緒に来店しました。店内は広くゆったりとできます。', 5, 77, 7, '2023-12-31 15:00:00', '2023-12-31 15:00:00'),
(111, '名古屋では有名な格安で焼肉食べ放題のお店。タイミングよく仕事で行く機会があったので、地元の友人と一緒に来店しました。店内は広くゆったりとできます。', 3, 84, 35, '2023-12-31 15:00:00', '2023-12-31 15:00:00'),
(112, '名古屋では有名な格安で焼肉食べ放題のお店。タイミングよく仕事で行く機会があったので、地元の友人と一緒に来店しました。店内は広くゆったりとできます。', 2, 5, 89, '2023-12-31 15:00:00', '2023-12-31 15:00:00'),
(113, '名古屋では有名な格安で焼肉食べ放題のお店。タイミングよく仕事で行く機会があったので、地元の友人と一緒に来店しました。店内は広くゆったりとできます。', 5, 1, 26, '2023-12-31 15:00:00', '2023-12-31 15:00:00'),
(114, '名古屋では有名な格安で焼肉食べ放題のお店。タイミングよく仕事で行く機会があったので、地元の友人と一緒に来店しました。店内は広くゆったりとできます。', 2, 59, 34, '2023-12-31 15:00:00', '2023-12-31 15:00:00'),
(115, '名古屋では有名な格安で焼肉食べ放題のお店。タイミングよく仕事で行く機会があったので、地元の友人と一緒に来店しました。店内は広くゆったりとできます。', 2, 4, 27, '2023-12-31 15:00:00', '2023-12-31 15:00:00'),
(116, '名古屋では有名な格安で焼肉食べ放題のお店。タイミングよく仕事で行く機会があったので、地元の友人と一緒に来店しました。店内は広くゆったりとできます。', 3, 46, 32, '2023-12-31 15:00:00', '2023-12-31 15:00:00'),
(117, '名古屋では有名な格安で焼肉食べ放題のお店。タイミングよく仕事で行く機会があったので、地元の友人と一緒に来店しました。店内は広くゆったりとできます。', 5, 14, 55, '2023-12-31 15:00:00', '2023-12-31 15:00:00'),
(118, '名古屋では有名な格安で焼肉食べ放題のお店。タイミングよく仕事で行く機会があったので、地元の友人と一緒に来店しました。店内は広くゆったりとできます。', 1, 91, 81, '2023-12-31 15:00:00', '2023-12-31 15:00:00'),
(119, '名古屋では有名な格安で焼肉食べ放題のお店。タイミングよく仕事で行く機会があったので、地元の友人と一緒に来店しました。店内は広くゆったりとできます。', 5, 42, 55, '2023-12-31 15:00:00', '2023-12-31 15:00:00'),
(120, '名古屋では有名な格安で焼肉食べ放題のお店。タイミングよく仕事で行く機会があったので、地元の友人と一緒に来店しました。店内は広くゆったりとできます。', 5, 64, 72, '2023-12-31 15:00:00', '2023-12-31 15:00:00'),
(121, '名古屋では有名な格安で焼肉食べ放題のお店。タイミングよく仕事で行く機会があったので、地元の友人と一緒に来店しました。店内は広くゆったりとできます。', 4, 81, 86, '2023-12-31 15:00:00', '2023-12-31 15:00:00'),
(122, '名古屋では有名な格安で焼肉食べ放題のお店。タイミングよく仕事で行く機会があったので、地元の友人と一緒に来店しました。店内は広くゆったりとできます。', 5, 28, 42, '2023-12-31 15:00:00', '2023-12-31 15:00:00'),
(123, '名古屋では有名な格安で焼肉食べ放題のお店。タイミングよく仕事で行く機会があったので、地元の友人と一緒に来店しました。店内は広くゆったりとできます。', 5, 4, 37, '2023-12-31 15:00:00', '2023-12-31 15:00:00'),
(124, '名古屋では有名な格安で焼肉食べ放題のお店。タイミングよく仕事で行く機会があったので、地元の友人と一緒に来店しました。店内は広くゆったりとできます。', 2, 72, 101, '2023-12-31 15:00:00', '2023-12-31 15:00:00'),
(125, '名古屋では有名な格安で焼肉食べ放題のお店。タイミングよく仕事で行く機会があったので、地元の友人と一緒に来店しました。店内は広くゆったりとできます。', 4, 31, 88, '2023-12-31 15:00:00', '2023-12-31 15:00:00'),
(126, '名古屋では有名な格安で焼肉食べ放題のお店。タイミングよく仕事で行く機会があったので、地元の友人と一緒に来店しました。店内は広くゆったりとできます。', 1, 48, 71, '2023-12-31 15:00:00', '2023-12-31 15:00:00'),
(127, '名古屋では有名な格安で焼肉食べ放題のお店。タイミングよく仕事で行く機会があったので、地元の友人と一緒に来店しました。店内は広くゆったりとできます。', 2, 25, 87, '2023-12-31 15:00:00', '2023-12-31 15:00:00'),
(128, '名古屋では有名な格安で焼肉食べ放題のお店。タイミングよく仕事で行く機会があったので、地元の友人と一緒に来店しました。店内は広くゆったりとできます。', 2, 80, 42, '2023-12-31 15:00:00', '2023-12-31 15:00:00'),
(129, '名古屋では有名な格安で焼肉食べ放題のお店。タイミングよく仕事で行く機会があったので、地元の友人と一緒に来店しました。店内は広くゆったりとできます。', 2, 5, 90, '2023-12-31 15:00:00', '2023-12-31 15:00:00'),
(130, '名古屋では有名な格安で焼肉食べ放題のお店。タイミングよく仕事で行く機会があったので、地元の友人と一緒に来店しました。店内は広くゆったりとできます。', 3, 1, 83, '2023-12-31 15:00:00', '2023-12-31 15:00:00'),
(131, '名古屋では有名な格安で焼肉食べ放題のお店。タイミングよく仕事で行く機会があったので、地元の友人と一緒に来店しました。店内は広くゆったりとできます。', 2, 8, 58, '2023-12-31 15:00:00', '2023-12-31 15:00:00'),
(132, '名古屋では有名な格安で焼肉食べ放題のお店。タイミングよく仕事で行く機会があったので、地元の友人と一緒に来店しました。店内は広くゆったりとできます。', 3, 3, 14, '2023-12-31 15:00:00', '2023-12-31 15:00:00'),
(133, '名古屋では有名な格安で焼肉食べ放題のお店。タイミングよく仕事で行く機会があったので、地元の友人と一緒に来店しました。店内は広くゆったりとできます。', 1, 34, 45, '2023-12-31 15:00:00', '2023-12-31 15:00:00'),
(134, '名古屋では有名な格安で焼肉食べ放題のお店。タイミングよく仕事で行く機会があったので、地元の友人と一緒に来店しました。店内は広くゆったりとできます。', 3, 73, 51, '2023-12-31 15:00:00', '2023-12-31 15:00:00'),
(135, '名古屋では有名な格安で焼肉食べ放題のお店。タイミングよく仕事で行く機会があったので、地元の友人と一緒に来店しました。店内は広くゆったりとできます。', 2, 89, 22, '2023-12-31 15:00:00', '2023-12-31 15:00:00'),
(136, '名古屋では有名な格安で焼肉食べ放題のお店。タイミングよく仕事で行く機会があったので、地元の友人と一緒に来店しました。店内は広くゆったりとできます。', 5, 95, 54, '2023-12-31 15:00:00', '2023-12-31 15:00:00'),
(137, '名古屋では有名な格安で焼肉食べ放題のお店。タイミングよく仕事で行く機会があったので、地元の友人と一緒に来店しました。店内は広くゆったりとできます。', 2, 70, 41, '2023-12-31 15:00:00', '2023-12-31 15:00:00'),
(138, '名古屋では有名な格安で焼肉食べ放題のお店。タイミングよく仕事で行く機会があったので、地元の友人と一緒に来店しました。店内は広くゆったりとできます。', 5, 5, 78, '2023-12-31 15:00:00', '2023-12-31 15:00:00'),
(139, '名古屋では有名な格安で焼肉食べ放題のお店。タイミングよく仕事で行く機会があったので、地元の友人と一緒に来店しました。店内は広くゆったりとできます。', 4, 78, 6, '2023-12-31 15:00:00', '2023-12-31 15:00:00'),
(140, '名古屋では有名な格安で焼肉食べ放題のお店。タイミングよく仕事で行く機会があったので、地元の友人と一緒に来店しました。店内は広くゆったりとできます。', 5, 49, 90, '2023-12-31 15:00:00', '2023-12-31 15:00:00'),
(141, '名古屋では有名な格安で焼肉食べ放題のお店。タイミングよく仕事で行く機会があったので、地元の友人と一緒に来店しました。店内は広くゆったりとできます。', 3, 47, 73, '2023-12-31 15:00:00', '2023-12-31 15:00:00'),
(142, '名古屋では有名な格安で焼肉食べ放題のお店。タイミングよく仕事で行く機会があったので、地元の友人と一緒に来店しました。店内は広くゆったりとできます。', 1, 54, 51, '2023-12-31 15:00:00', '2023-12-31 15:00:00'),
(143, '名古屋では有名な格安で焼肉食べ放題のお店。タイミングよく仕事で行く機会があったので、地元の友人と一緒に来店しました。店内は広くゆったりとできます。', 5, 18, 51, '2023-12-31 15:00:00', '2023-12-31 15:00:00'),
(144, '名古屋では有名な格安で焼肉食べ放題のお店。タイミングよく仕事で行く機会があったので、地元の友人と一緒に来店しました。店内は広くゆったりとできます。', 3, 3, 1, '2023-12-31 15:00:00', '2023-12-31 15:00:00'),
(145, '名古屋では有名な格安で焼肉食べ放題のお店。タイミングよく仕事で行く機会があったので、地元の友人と一緒に来店しました。店内は広くゆったりとできます。', 3, 46, 79, '2023-12-31 15:00:00', '2023-12-31 15:00:00'),
(146, '名古屋では有名な格安で焼肉食べ放題のお店。タイミングよく仕事で行く機会があったので、地元の友人と一緒に来店しました。店内は広くゆったりとできます。', 2, 44, 32, '2023-12-31 15:00:00', '2023-12-31 15:00:00'),
(147, '名古屋では有名な格安で焼肉食べ放題のお店。タイミングよく仕事で行く機会があったので、地元の友人と一緒に来店しました。店内は広くゆったりとできます。', 1, 73, 42, '2023-12-31 15:00:00', '2023-12-31 15:00:00'),
(148, '名古屋では有名な格安で焼肉食べ放題のお店。タイミングよく仕事で行く機会があったので、地元の友人と一緒に来店しました。店内は広くゆったりとできます。', 1, 63, 11, '2023-12-31 15:00:00', '2023-12-31 15:00:00'),
(149, '名古屋では有名な格安で焼肉食べ放題のお店。タイミングよく仕事で行く機会があったので、地元の友人と一緒に来店しました。店内は広くゆったりとできます。', 2, 86, 2, '2023-12-31 15:00:00', '2023-12-31 15:00:00'),
(150, '名古屋では有名な格安で焼肉食べ放題のお店。タイミングよく仕事で行く機会があったので、地元の友人と一緒に来店しました。店内は広くゆったりとできます。', 5, 18, 64, '2023-12-31 15:00:00', '2023-12-31 15:00:00'),
(151, '名古屋では有名な格安で焼肉食べ放題のお店。タイミングよく仕事で行く機会があったので、地元の友人と一緒に来店しました。店内は広くゆったりとできます。', 3, 3, 101, '2023-12-31 15:00:00', '2023-12-31 15:00:00'),
(152, '名古屋では有名な格安で焼肉食べ放題のお店。タイミングよく仕事で行く機会があったので、地元の友人と一緒に来店しました。店内は広くゆったりとできます。', 3, 83, 32, '2023-12-31 15:00:00', '2023-12-31 15:00:00'),
(153, '名古屋では有名な格安で焼肉食べ放題のお店。タイミングよく仕事で行く機会があったので、地元の友人と一緒に来店しました。店内は広くゆったりとできます。', 3, 61, 63, '2023-12-31 15:00:00', '2023-12-31 15:00:00'),
(154, '名古屋では有名な格安で焼肉食べ放題のお店。タイミングよく仕事で行く機会があったので、地元の友人と一緒に来店しました。店内は広くゆったりとできます。', 4, 43, 91, '2023-12-31 15:00:00', '2023-12-31 15:00:00'),
(155, '名古屋では有名な格安で焼肉食べ放題のお店。タイミングよく仕事で行く機会があったので、地元の友人と一緒に来店しました。店内は広くゆったりとできます。', 2, 4, 18, '2023-12-31 15:00:00', '2023-12-31 15:00:00'),
(156, '名古屋では有名な格安で焼肉食べ放題のお店。タイミングよく仕事で行く機会があったので、地元の友人と一緒に来店しました。店内は広くゆったりとできます。', 4, 71, 68, '2023-12-31 15:00:00', '2023-12-31 15:00:00'),
(157, '名古屋では有名な格安で焼肉食べ放題のお店。タイミングよく仕事で行く機会があったので、地元の友人と一緒に来店しました。店内は広くゆったりとできます。', 3, 80, 24, '2023-12-31 15:00:00', '2023-12-31 15:00:00'),
(158, '名古屋では有名な格安で焼肉食べ放題のお店。タイミングよく仕事で行く機会があったので、地元の友人と一緒に来店しました。店内は広くゆったりとできます。', 3, 26, 98, '2023-12-31 15:00:00', '2023-12-31 15:00:00'),
(159, '名古屋では有名な格安で焼肉食べ放題のお店。タイミングよく仕事で行く機会があったので、地元の友人と一緒に来店しました。店内は広くゆったりとできます。', 1, 66, 58, '2023-12-31 15:00:00', '2023-12-31 15:00:00'),
(160, '名古屋では有名な格安で焼肉食べ放題のお店。タイミングよく仕事で行く機会があったので、地元の友人と一緒に来店しました。店内は広くゆったりとできます。', 5, 30, 74, '2023-12-31 15:00:00', '2023-12-31 15:00:00'),
(161, '名古屋では有名な格安で焼肉食べ放題のお店。タイミングよく仕事で行く機会があったので、地元の友人と一緒に来店しました。店内は広くゆったりとできます。', 3, 99, 58, '2023-12-31 15:00:00', '2023-12-31 15:00:00'),
(162, '名古屋では有名な格安で焼肉食べ放題のお店。タイミングよく仕事で行く機会があったので、地元の友人と一緒に来店しました。店内は広くゆったりとできます。', 1, 55, 40, '2023-12-31 15:00:00', '2023-12-31 15:00:00'),
(163, '名古屋では有名な格安で焼肉食べ放題のお店。タイミングよく仕事で行く機会があったので、地元の友人と一緒に来店しました。店内は広くゆったりとできます。', 4, 86, 28, '2023-12-31 15:00:00', '2023-12-31 15:00:00'),
(164, '名古屋では有名な格安で焼肉食べ放題のお店。タイミングよく仕事で行く機会があったので、地元の友人と一緒に来店しました。店内は広くゆったりとできます。', 3, 47, 25, '2023-12-31 15:00:00', '2023-12-31 15:00:00'),
(165, '名古屋では有名な格安で焼肉食べ放題のお店。タイミングよく仕事で行く機会があったので、地元の友人と一緒に来店しました。店内は広くゆったりとできます。', 2, 63, 81, '2023-12-31 15:00:00', '2023-12-31 15:00:00'),
(166, '名古屋では有名な格安で焼肉食べ放題のお店。タイミングよく仕事で行く機会があったので、地元の友人と一緒に来店しました。店内は広くゆったりとできます。', 4, 72, 34, '2023-12-31 15:00:00', '2023-12-31 15:00:00'),
(167, '名古屋では有名な格安で焼肉食べ放題のお店。タイミングよく仕事で行く機会があったので、地元の友人と一緒に来店しました。店内は広くゆったりとできます。', 4, 22, 46, '2023-12-31 15:00:00', '2023-12-31 15:00:00'),
(168, '名古屋では有名な格安で焼肉食べ放題のお店。タイミングよく仕事で行く機会があったので、地元の友人と一緒に来店しました。店内は広くゆったりとできます。', 4, 22, 64, '2023-12-31 15:00:00', '2023-12-31 15:00:00'),
(169, '名古屋では有名な格安で焼肉食べ放題のお店。タイミングよく仕事で行く機会があったので、地元の友人と一緒に来店しました。店内は広くゆったりとできます。', 1, 74, 76, '2023-12-31 15:00:00', '2023-12-31 15:00:00'),
(170, '名古屋では有名な格安で焼肉食べ放題のお店。タイミングよく仕事で行く機会があったので、地元の友人と一緒に来店しました。店内は広くゆったりとできます。', 4, 15, 34, '2023-12-31 15:00:00', '2023-12-31 15:00:00'),
(171, '名古屋では有名な格安で焼肉食べ放題のお店。タイミングよく仕事で行く機会があったので、地元の友人と一緒に来店しました。店内は広くゆったりとできます。', 3, 27, 2, '2023-12-31 15:00:00', '2023-12-31 15:00:00'),
(172, '名古屋では有名な格安で焼肉食べ放題のお店。タイミングよく仕事で行く機会があったので、地元の友人と一緒に来店しました。店内は広くゆったりとできます。', 4, 66, 42, '2023-12-31 15:00:00', '2023-12-31 15:00:00'),
(173, '名古屋では有名な格安で焼肉食べ放題のお店。タイミングよく仕事で行く機会があったので、地元の友人と一緒に来店しました。店内は広くゆったりとできます。', 5, 38, 50, '2023-12-31 15:00:00', '2023-12-31 15:00:00'),
(174, '名古屋では有名な格安で焼肉食べ放題のお店。タイミングよく仕事で行く機会があったので、地元の友人と一緒に来店しました。店内は広くゆったりとできます。', 3, 73, 39, '2023-12-31 15:00:00', '2023-12-31 15:00:00'),
(175, '名古屋では有名な格安で焼肉食べ放題のお店。タイミングよく仕事で行く機会があったので、地元の友人と一緒に来店しました。店内は広くゆったりとできます。', 4, 64, 97, '2023-12-31 15:00:00', '2023-12-31 15:00:00'),
(176, '名古屋では有名な格安で焼肉食べ放題のお店。タイミングよく仕事で行く機会があったので、地元の友人と一緒に来店しました。店内は広くゆったりとできます。', 5, 48, 80, '2023-12-31 15:00:00', '2023-12-31 15:00:00'),
(177, '名古屋では有名な格安で焼肉食べ放題のお店。タイミングよく仕事で行く機会があったので、地元の友人と一緒に来店しました。店内は広くゆったりとできます。', 1, 12, 80, '2023-12-31 15:00:00', '2023-12-31 15:00:00'),
(178, '名古屋では有名な格安で焼肉食べ放題のお店。タイミングよく仕事で行く機会があったので、地元の友人と一緒に来店しました。店内は広くゆったりとできます。', 4, 20, 20, '2023-12-31 15:00:00', '2023-12-31 15:00:00'),
(179, '名古屋では有名な格安で焼肉食べ放題のお店。タイミングよく仕事で行く機会があったので、地元の友人と一緒に来店しました。店内は広くゆったりとできます。', 5, 53, 68, '2023-12-31 15:00:00', '2023-12-31 15:00:00'),
(180, '名古屋では有名な格安で焼肉食べ放題のお店。タイミングよく仕事で行く機会があったので、地元の友人と一緒に来店しました。店内は広くゆったりとできます。', 1, 7, 89, '2023-12-31 15:00:00', '2023-12-31 15:00:00'),
(181, '名古屋では有名な格安で焼肉食べ放題のお店。タイミングよく仕事で行く機会があったので、地元の友人と一緒に来店しました。店内は広くゆったりとできます。', 4, 52, 84, '2023-12-31 15:00:00', '2023-12-31 15:00:00'),
(182, '名古屋では有名な格安で焼肉食べ放題のお店。タイミングよく仕事で行く機会があったので、地元の友人と一緒に来店しました。店内は広くゆったりとできます。', 4, 63, 39, '2023-12-31 15:00:00', '2023-12-31 15:00:00'),
(183, '名古屋では有名な格安で焼肉食べ放題のお店。タイミングよく仕事で行く機会があったので、地元の友人と一緒に来店しました。店内は広くゆったりとできます。', 4, 35, 93, '2023-12-31 15:00:00', '2023-12-31 15:00:00'),
(184, '名古屋では有名な格安で焼肉食べ放題のお店。タイミングよく仕事で行く機会があったので、地元の友人と一緒に来店しました。店内は広くゆったりとできます。', 4, 89, 80, '2023-12-31 15:00:00', '2023-12-31 15:00:00'),
(185, '名古屋では有名な格安で焼肉食べ放題のお店。タイミングよく仕事で行く機会があったので、地元の友人と一緒に来店しました。店内は広くゆったりとできます。', 2, 71, 84, '2023-12-31 15:00:00', '2023-12-31 15:00:00'),
(186, '名古屋では有名な格安で焼肉食べ放題のお店。タイミングよく仕事で行く機会があったので、地元の友人と一緒に来店しました。店内は広くゆったりとできます。', 2, 29, 14, '2023-12-31 15:00:00', '2023-12-31 15:00:00'),
(187, '名古屋では有名な格安で焼肉食べ放題のお店。タイミングよく仕事で行く機会があったので、地元の友人と一緒に来店しました。店内は広くゆったりとできます。', 1, 37, 44, '2023-12-31 15:00:00', '2023-12-31 15:00:00'),
(188, '名古屋では有名な格安で焼肉食べ放題のお店。タイミングよく仕事で行く機会があったので、地元の友人と一緒に来店しました。店内は広くゆったりとできます。', 2, 85, 15, '2023-12-31 15:00:00', '2023-12-31 15:00:00'),
(189, '名古屋では有名な格安で焼肉食べ放題のお店。タイミングよく仕事で行く機会があったので、地元の友人と一緒に来店しました。店内は広くゆったりとできます。', 4, 96, 26, '2023-12-31 15:00:00', '2023-12-31 15:00:00'),
(190, '名古屋では有名な格安で焼肉食べ放題のお店。タイミングよく仕事で行く機会があったので、地元の友人と一緒に来店しました。店内は広くゆったりとできます。', 1, 54, 10, '2023-12-31 15:00:00', '2023-12-31 15:00:00'),
(191, '名古屋では有名な格安で焼肉食べ放題のお店。タイミングよく仕事で行く機会があったので、地元の友人と一緒に来店しました。店内は広くゆったりとできます。', 2, 63, 70, '2023-12-31 15:00:00', '2023-12-31 15:00:00'),
(192, '名古屋では有名な格安で焼肉食べ放題のお店。タイミングよく仕事で行く機会があったので、地元の友人と一緒に来店しました。店内は広くゆったりとできます。', 2, 20, 62, '2023-12-31 15:00:00', '2023-12-31 15:00:00'),
(193, '名古屋では有名な格安で焼肉食べ放題のお店。タイミングよく仕事で行く機会があったので、地元の友人と一緒に来店しました。店内は広くゆったりとできます。', 4, 73, 27, '2023-12-31 15:00:00', '2023-12-31 15:00:00'),
(194, '名古屋では有名な格安で焼肉食べ放題のお店。タイミングよく仕事で行く機会があったので、地元の友人と一緒に来店しました。店内は広くゆったりとできます。', 5, 90, 46, '2023-12-31 15:00:00', '2023-12-31 15:00:00'),
(195, '名古屋では有名な格安で焼肉食べ放題のお店。タイミングよく仕事で行く機会があったので、地元の友人と一緒に来店しました。店内は広くゆったりとできます。', 5, 73, 6, '2023-12-31 15:00:00', '2023-12-31 15:00:00'),
(196, '名古屋では有名な格安で焼肉食べ放題のお店。タイミングよく仕事で行く機会があったので、地元の友人と一緒に来店しました。店内は広くゆったりとできます。', 1, 36, 8, '2023-12-31 15:00:00', '2023-12-31 15:00:00'),
(197, '名古屋では有名な格安で焼肉食べ放題のお店。タイミングよく仕事で行く機会があったので、地元の友人と一緒に来店しました。店内は広くゆったりとできます。', 4, 87, 16, '2023-12-31 15:00:00', '2023-12-31 15:00:00'),
(198, '名古屋では有名な格安で焼肉食べ放題のお店。タイミングよく仕事で行く機会があったので、地元の友人と一緒に来店しました。店内は広くゆったりとできます。', 5, 65, 42, '2023-12-31 15:00:00', '2023-12-31 15:00:00'),
(199, '名古屋では有名な格安で焼肉食べ放題のお店。タイミングよく仕事で行く機会があったので、地元の友人と一緒に来店しました。店内は広くゆったりとできます。', 1, 71, 4, '2023-12-31 15:00:00', '2023-12-31 15:00:00'),
(200, '名古屋では有名な格安で焼肉食べ放題のお店。タイミングよく仕事で行く機会があったので、地元の友人と一緒に来店しました。店内は広くゆったりとできます。', 4, 33, 51, '2023-12-31 15:00:00', '2023-12-31 15:00:00'),
(201, '名古屋では有名な格安で焼肉食べ放題のお店。タイミングよく仕事で行く機会があったので、地元の友人と一緒に来店しました。店内は広くゆったりとできます。', 2, 85, 72, '2023-12-31 15:00:00', '2023-12-31 15:00:00'),
(202, '名古屋では有名な格安で焼肉食べ放題のお店。タイミングよく仕事で行く機会があったので、地元の友人と一緒に来店しました。店内は広くゆったりとできます。', 1, 96, 77, '2023-12-31 15:00:00', '2023-12-31 15:00:00'),
(203, '名古屋では有名な格安で焼肉食べ放題のお店。タイミングよく仕事で行く機会があったので、地元の友人と一緒に来店しました。店内は広くゆったりとできます。', 1, 16, 41, '2023-12-31 15:00:00', '2023-12-31 15:00:00'),
(204, '名古屋では有名な格安で焼肉食べ放題のお店。タイミングよく仕事で行く機会があったので、地元の友人と一緒に来店しました。店内は広くゆったりとできます。', 4, 5, 31, '2023-12-31 15:00:00', '2023-12-31 15:00:00'),
(205, '名古屋では有名な格安で焼肉食べ放題のお店。タイミングよく仕事で行く機会があったので、地元の友人と一緒に来店しました。店内は広くゆったりとできます。', 5, 6, 85, '2023-12-31 15:00:00', '2023-12-31 15:00:00'),
(206, '名古屋では有名な格安で焼肉食べ放題のお店。タイミングよく仕事で行く機会があったので、地元の友人と一緒に来店しました。店内は広くゆったりとできます。', 4, 51, 36, '2023-12-31 15:00:00', '2023-12-31 15:00:00'),
(207, '名古屋では有名な格安で焼肉食べ放題のお店。タイミングよく仕事で行く機会があったので、地元の友人と一緒に来店しました。店内は広くゆったりとできます。', 4, 57, 74, '2023-12-31 15:00:00', '2023-12-31 15:00:00'),
(208, '名古屋では有名な格安で焼肉食べ放題のお店。タイミングよく仕事で行く機会があったので、地元の友人と一緒に来店しました。店内は広くゆったりとできます。', 4, 50, 81, '2023-12-31 15:00:00', '2023-12-31 15:00:00'),
(209, '名古屋では有名な格安で焼肉食べ放題のお店。タイミングよく仕事で行く機会があったので、地元の友人と一緒に来店しました。店内は広くゆったりとできます。', 5, 71, 60, '2023-12-31 15:00:00', '2023-12-31 15:00:00'),
(210, '名古屋では有名な格安で焼肉食べ放題のお店。タイミングよく仕事で行く機会があったので、地元の友人と一緒に来店しました。店内は広くゆったりとできます。', 4, 19, 64, '2023-12-31 15:00:00', '2023-12-31 15:00:00'),
(211, '名古屋では有名な格安で焼肉食べ放題のお店。タイミングよく仕事で行く機会があったので、地元の友人と一緒に来店しました。店内は広くゆったりとできます。', 2, 71, 24, '2023-12-31 15:00:00', '2023-12-31 15:00:00'),
(212, '名古屋では有名な格安で焼肉食べ放題のお店。タイミングよく仕事で行く機会があったので、地元の友人と一緒に来店しました。店内は広くゆったりとできます。', 1, 32, 97, '2023-12-31 15:00:00', '2023-12-31 15:00:00'),
(213, '名古屋では有名な格安で焼肉食べ放題のお店。タイミングよく仕事で行く機会があったので、地元の友人と一緒に来店しました。店内は広くゆったりとできます。', 5, 68, 78, '2023-12-31 15:00:00', '2023-12-31 15:00:00'),
(214, '名古屋では有名な格安で焼肉食べ放題のお店。タイミングよく仕事で行く機会があったので、地元の友人と一緒に来店しました。店内は広くゆったりとできます。', 3, 67, 33, '2023-12-31 15:00:00', '2023-12-31 15:00:00'),
(215, '名古屋では有名な格安で焼肉食べ放題のお店。タイミングよく仕事で行く機会があったので、地元の友人と一緒に来店しました。店内は広くゆったりとできます。', 1, 4, 67, '2023-12-31 15:00:00', '2023-12-31 15:00:00'),
(216, '名古屋では有名な格安で焼肉食べ放題のお店。タイミングよく仕事で行く機会があったので、地元の友人と一緒に来店しました。店内は広くゆったりとできます。', 2, 52, 31, '2023-12-31 15:00:00', '2023-12-31 15:00:00'),
(217, '名古屋では有名な格安で焼肉食べ放題のお店。タイミングよく仕事で行く機会があったので、地元の友人と一緒に来店しました。店内は広くゆったりとできます。', 1, 96, 4, '2023-12-31 15:00:00', '2023-12-31 15:00:00'),
(218, '名古屋では有名な格安で焼肉食べ放題のお店。タイミングよく仕事で行く機会があったので、地元の友人と一緒に来店しました。店内は広くゆったりとできます。', 5, 25, 32, '2023-12-31 15:00:00', '2023-12-31 15:00:00'),
(219, '名古屋では有名な格安で焼肉食べ放題のお店。タイミングよく仕事で行く機会があったので、地元の友人と一緒に来店しました。店内は広くゆったりとできます。', 3, 4, 86, '2023-12-31 15:00:00', '2023-12-31 15:00:00'),
(220, '名古屋では有名な格安で焼肉食べ放題のお店。タイミングよく仕事で行く機会があったので、地元の友人と一緒に来店しました。店内は広くゆったりとできます。', 5, 80, 44, '2023-12-31 15:00:00', '2023-12-31 15:00:00'),
(221, '名古屋では有名な格安で焼肉食べ放題のお店。タイミングよく仕事で行く機会があったので、地元の友人と一緒に来店しました。店内は広くゆったりとできます。', 5, 20, 69, '2023-12-31 15:00:00', '2023-12-31 15:00:00'),
(222, '名古屋では有名な格安で焼肉食べ放題のお店。タイミングよく仕事で行く機会があったので、地元の友人と一緒に来店しました。店内は広くゆったりとできます。', 5, 12, 17, '2023-12-31 15:00:00', '2023-12-31 15:00:00'),
(223, '名古屋では有名な格安で焼肉食べ放題のお店。タイミングよく仕事で行く機会があったので、地元の友人と一緒に来店しました。店内は広くゆったりとできます。', 4, 32, 83, '2023-12-31 15:00:00', '2023-12-31 15:00:00'),
(224, '名古屋では有名な格安で焼肉食べ放題のお店。タイミングよく仕事で行く機会があったので、地元の友人と一緒に来店しました。店内は広くゆったりとできます。', 5, 98, 77, '2023-12-31 15:00:00', '2023-12-31 15:00:00'),
(225, '名古屋では有名な格安で焼肉食べ放題のお店。タイミングよく仕事で行く機会があったので、地元の友人と一緒に来店しました。店内は広くゆったりとできます。', 2, 68, 51, '2023-12-31 15:00:00', '2023-12-31 15:00:00'),
(226, '名古屋では有名な格安で焼肉食べ放題のお店。タイミングよく仕事で行く機会があったので、地元の友人と一緒に来店しました。店内は広くゆったりとできます。', 5, 19, 98, '2023-12-31 15:00:00', '2023-12-31 15:00:00'),
(227, '名古屋では有名な格安で焼肉食べ放題のお店。タイミングよく仕事で行く機会があったので、地元の友人と一緒に来店しました。店内は広くゆったりとできます。', 2, 20, 51, '2023-12-31 15:00:00', '2023-12-31 15:00:00'),
(228, '名古屋では有名な格安で焼肉食べ放題のお店。タイミングよく仕事で行く機会があったので、地元の友人と一緒に来店しました。店内は広くゆったりとできます。', 4, 91, 39, '2023-12-31 15:00:00', '2023-12-31 15:00:00'),
(229, '名古屋では有名な格安で焼肉食べ放題のお店。タイミングよく仕事で行く機会があったので、地元の友人と一緒に来店しました。店内は広くゆったりとできます。', 2, 46, 69, '2023-12-31 15:00:00', '2023-12-31 15:00:00'),
(230, '名古屋では有名な格安で焼肉食べ放題のお店。タイミングよく仕事で行く機会があったので、地元の友人と一緒に来店しました。店内は広くゆったりとできます。', 5, 28, 58, '2023-12-31 15:00:00', '2023-12-31 15:00:00'),
(231, '名古屋では有名な格安で焼肉食べ放題のお店。タイミングよく仕事で行く機会があったので、地元の友人と一緒に来店しました。店内は広くゆったりとできます。', 4, 52, 55, '2023-12-31 15:00:00', '2023-12-31 15:00:00'),
(232, '名古屋では有名な格安で焼肉食べ放題のお店。タイミングよく仕事で行く機会があったので、地元の友人と一緒に来店しました。店内は広くゆったりとできます。', 3, 96, 81, '2023-12-31 15:00:00', '2023-12-31 15:00:00'),
(233, '名古屋では有名な格安で焼肉食べ放題のお店。タイミングよく仕事で行く機会があったので、地元の友人と一緒に来店しました。店内は広くゆったりとできます。', 4, 91, 81, '2023-12-31 15:00:00', '2023-12-31 15:00:00'),
(234, '名古屋では有名な格安で焼肉食べ放題のお店。タイミングよく仕事で行く機会があったので、地元の友人と一緒に来店しました。店内は広くゆったりとできます。', 5, 54, 81, '2023-12-31 15:00:00', '2023-12-31 15:00:00'),
(235, '名古屋では有名な格安で焼肉食べ放題のお店。タイミングよく仕事で行く機会があったので、地元の友人と一緒に来店しました。店内は広くゆったりとできます。', 5, 18, 45, '2023-12-31 15:00:00', '2023-12-31 15:00:00'),
(236, '名古屋では有名な格安で焼肉食べ放題のお店。タイミングよく仕事で行く機会があったので、地元の友人と一緒に来店しました。店内は広くゆったりとできます。', 4, 80, 11, '2023-12-31 15:00:00', '2023-12-31 15:00:00'),
(237, '名古屋では有名な格安で焼肉食べ放題のお店。タイミングよく仕事で行く機会があったので、地元の友人と一緒に来店しました。店内は広くゆったりとできます。', 2, 100, 48, '2023-12-31 15:00:00', '2023-12-31 15:00:00'),
(238, '名古屋では有名な格安で焼肉食べ放題のお店。タイミングよく仕事で行く機会があったので、地元の友人と一緒に来店しました。店内は広くゆったりとできます。', 4, 62, 61, '2023-12-31 15:00:00', '2023-12-31 15:00:00'),
(239, '名古屋では有名な格安で焼肉食べ放題のお店。タイミングよく仕事で行く機会があったので、地元の友人と一緒に来店しました。店内は広くゆったりとできます。', 3, 2, 36, '2023-12-31 15:00:00', '2023-12-31 15:00:00'),
(240, '名古屋では有名な格安で焼肉食べ放題のお店。タイミングよく仕事で行く機会があったので、地元の友人と一緒に来店しました。店内は広くゆったりとできます。', 5, 24, 21, '2023-12-31 15:00:00', '2023-12-31 15:00:00'),
(241, '名古屋では有名な格安で焼肉食べ放題のお店。タイミングよく仕事で行く機会があったので、地元の友人と一緒に来店しました。店内は広くゆったりとできます。', 1, 37, 15, '2023-12-31 15:00:00', '2023-12-31 15:00:00'),
(242, '名古屋では有名な格安で焼肉食べ放題のお店。タイミングよく仕事で行く機会があったので、地元の友人と一緒に来店しました。店内は広くゆったりとできます。', 3, 47, 38, '2023-12-31 15:00:00', '2023-12-31 15:00:00'),
(243, '名古屋では有名な格安で焼肉食べ放題のお店。タイミングよく仕事で行く機会があったので、地元の友人と一緒に来店しました。店内は広くゆったりとできます。', 2, 55, 82, '2023-12-31 15:00:00', '2023-12-31 15:00:00'),
(244, '名古屋では有名な格安で焼肉食べ放題のお店。タイミングよく仕事で行く機会があったので、地元の友人と一緒に来店しました。店内は広くゆったりとできます。', 2, 7, 94, '2023-12-31 15:00:00', '2023-12-31 15:00:00'),
(245, '名古屋では有名な格安で焼肉食べ放題のお店。タイミングよく仕事で行く機会があったので、地元の友人と一緒に来店しました。店内は広くゆったりとできます。', 2, 17, 41, '2023-12-31 15:00:00', '2023-12-31 15:00:00'),
(246, '名古屋では有名な格安で焼肉食べ放題のお店。タイミングよく仕事で行く機会があったので、地元の友人と一緒に来店しました。店内は広くゆったりとできます。', 3, 15, 65, '2023-12-31 15:00:00', '2023-12-31 15:00:00'),
(247, '名古屋では有名な格安で焼肉食べ放題のお店。タイミングよく仕事で行く機会があったので、地元の友人と一緒に来店しました。店内は広くゆったりとできます。', 4, 39, 45, '2023-12-31 15:00:00', '2023-12-31 15:00:00'),
(248, '名古屋では有名な格安で焼肉食べ放題のお店。タイミングよく仕事で行く機会があったので、地元の友人と一緒に来店しました。店内は広くゆったりとできます。', 2, 47, 51, '2023-12-31 15:00:00', '2023-12-31 15:00:00'),
(249, '名古屋では有名な格安で焼肉食べ放題のお店。タイミングよく仕事で行く機会があったので、地元の友人と一緒に来店しました。店内は広くゆったりとできます。', 1, 52, 94, '2023-12-31 15:00:00', '2023-12-31 15:00:00'),
(250, '名古屋では有名な格安で焼肉食べ放題のお店。タイミングよく仕事で行く機会があったので、地元の友人と一緒に来店しました。店内は広くゆったりとできます。', 1, 82, 39, '2023-12-31 15:00:00', '2023-12-31 15:00:00'),
(251, '名古屋では有名な格安で焼肉食べ放題のお店。タイミングよく仕事で行く機会があったので、地元の友人と一緒に来店しました。店内は広くゆったりとできます。', 2, 15, 78, '2023-12-31 15:00:00', '2023-12-31 15:00:00'),
(252, '名古屋では有名な格安で焼肉食べ放題のお店。タイミングよく仕事で行く機会があったので、地元の友人と一緒に来店しました。店内は広くゆったりとできます。', 5, 36, 12, '2023-12-31 15:00:00', '2023-12-31 15:00:00'),
(253, '名古屋では有名な格安で焼肉食べ放題のお店。タイミングよく仕事で行く機会があったので、地元の友人と一緒に来店しました。店内は広くゆったりとできます。', 3, 24, 47, '2023-12-31 15:00:00', '2023-12-31 15:00:00'),
(254, '名古屋では有名な格安で焼肉食べ放題のお店。タイミングよく仕事で行く機会があったので、地元の友人と一緒に来店しました。店内は広くゆったりとできます。', 4, 68, 75, '2023-12-31 15:00:00', '2023-12-31 15:00:00'),
(255, '名古屋では有名な格安で焼肉食べ放題のお店。タイミングよく仕事で行く機会があったので、地元の友人と一緒に来店しました。店内は広くゆったりとできます。', 5, 64, 96, '2023-12-31 15:00:00', '2023-12-31 15:00:00'),
(256, '名古屋では有名な格安で焼肉食べ放題のお店。タイミングよく仕事で行く機会があったので、地元の友人と一緒に来店しました。店内は広くゆったりとできます。', 5, 38, 99, '2023-12-31 15:00:00', '2023-12-31 15:00:00'),
(257, '名古屋では有名な格安で焼肉食べ放題のお店。タイミングよく仕事で行く機会があったので、地元の友人と一緒に来店しました。店内は広くゆったりとできます。', 4, 24, 74, '2023-12-31 15:00:00', '2023-12-31 15:00:00'),
(258, '名古屋では有名な格安で焼肉食べ放題のお店。タイミングよく仕事で行く機会があったので、地元の友人と一緒に来店しました。店内は広くゆったりとできます。', 3, 51, 49, '2023-12-31 15:00:00', '2023-12-31 15:00:00'),
(259, '名古屋では有名な格安で焼肉食べ放題のお店。タイミングよく仕事で行く機会があったので、地元の友人と一緒に来店しました。店内は広くゆったりとできます。', 1, 54, 52, '2023-12-31 15:00:00', '2023-12-31 15:00:00'),
(260, '名古屋では有名な格安で焼肉食べ放題のお店。タイミングよく仕事で行く機会があったので、地元の友人と一緒に来店しました。店内は広くゆったりとできます。', 5, 44, 66, '2023-12-31 15:00:00', '2023-12-31 15:00:00'),
(261, '名古屋では有名な格安で焼肉食べ放題のお店。タイミングよく仕事で行く機会があったので、地元の友人と一緒に来店しました。店内は広くゆったりとできます。', 4, 100, 4, '2023-12-31 15:00:00', '2023-12-31 15:00:00'),
(262, '名古屋では有名な格安で焼肉食べ放題のお店。タイミングよく仕事で行く機会があったので、地元の友人と一緒に来店しました。店内は広くゆったりとできます。', 2, 95, 28, '2023-12-31 15:00:00', '2023-12-31 15:00:00'),
(263, '名古屋では有名な格安で焼肉食べ放題のお店。タイミングよく仕事で行く機会があったので、地元の友人と一緒に来店しました。店内は広くゆったりとできます。', 5, 37, 5, '2023-12-31 15:00:00', '2023-12-31 15:00:00'),
(264, '名古屋では有名な格安で焼肉食べ放題のお店。タイミングよく仕事で行く機会があったので、地元の友人と一緒に来店しました。店内は広くゆったりとできます。', 4, 76, 9, '2023-12-31 15:00:00', '2023-12-31 15:00:00'),
(265, '名古屋では有名な格安で焼肉食べ放題のお店。タイミングよく仕事で行く機会があったので、地元の友人と一緒に来店しました。店内は広くゆったりとできます。', 3, 43, 91, '2023-12-31 15:00:00', '2023-12-31 15:00:00'),
(266, '名古屋では有名な格安で焼肉食べ放題のお店。タイミングよく仕事で行く機会があったので、地元の友人と一緒に来店しました。店内は広くゆったりとできます。', 4, 8, 99, '2023-12-31 15:00:00', '2023-12-31 15:00:00'),
(267, '名古屋では有名な格安で焼肉食べ放題のお店。タイミングよく仕事で行く機会があったので、地元の友人と一緒に来店しました。店内は広くゆったりとできます。', 4, 93, 81, '2023-12-31 15:00:00', '2023-12-31 15:00:00'),
(268, '名古屋では有名な格安で焼肉食べ放題のお店。タイミングよく仕事で行く機会があったので、地元の友人と一緒に来店しました。店内は広くゆったりとできます。', 3, 39, 24, '2023-12-31 15:00:00', '2023-12-31 15:00:00'),
(269, '名古屋では有名な格安で焼肉食べ放題のお店。タイミングよく仕事で行く機会があったので、地元の友人と一緒に来店しました。店内は広くゆったりとできます。', 2, 98, 85, '2023-12-31 15:00:00', '2023-12-31 15:00:00'),
(270, '名古屋では有名な格安で焼肉食べ放題のお店。タイミングよく仕事で行く機会があったので、地元の友人と一緒に来店しました。店内は広くゆったりとできます。', 4, 44, 15, '2023-12-31 15:00:00', '2023-12-31 15:00:00'),
(271, '名古屋では有名な格安で焼肉食べ放題のお店。タイミングよく仕事で行く機会があったので、地元の友人と一緒に来店しました。店内は広くゆったりとできます。', 4, 92, 13, '2023-12-31 15:00:00', '2023-12-31 15:00:00'),
(272, '名古屋では有名な格安で焼肉食べ放題のお店。タイミングよく仕事で行く機会があったので、地元の友人と一緒に来店しました。店内は広くゆったりとできます。', 5, 96, 18, '2023-12-31 15:00:00', '2023-12-31 15:00:00'),
(273, '名古屋では有名な格安で焼肉食べ放題のお店。タイミングよく仕事で行く機会があったので、地元の友人と一緒に来店しました。店内は広くゆったりとできます。', 2, 73, 18, '2023-12-31 15:00:00', '2023-12-31 15:00:00'),
(274, '名古屋では有名な格安で焼肉食べ放題のお店。タイミングよく仕事で行く機会があったので、地元の友人と一緒に来店しました。店内は広くゆったりとできます。', 5, 57, 49, '2023-12-31 15:00:00', '2023-12-31 15:00:00'),
(275, '名古屋では有名な格安で焼肉食べ放題のお店。タイミングよく仕事で行く機会があったので、地元の友人と一緒に来店しました。店内は広くゆったりとできます。', 5, 46, 66, '2023-12-31 15:00:00', '2023-12-31 15:00:00'),
(276, '名古屋では有名な格安で焼肉食べ放題のお店。タイミングよく仕事で行く機会があったので、地元の友人と一緒に来店しました。店内は広くゆったりとできます。', 3, 71, 11, '2023-12-31 15:00:00', '2023-12-31 15:00:00'),
(277, '名古屋では有名な格安で焼肉食べ放題のお店。タイミングよく仕事で行く機会があったので、地元の友人と一緒に来店しました。店内は広くゆったりとできます。', 1, 44, 85, '2023-12-31 15:00:00', '2023-12-31 15:00:00'),
(278, '名古屋では有名な格安で焼肉食べ放題のお店。タイミングよく仕事で行く機会があったので、地元の友人と一緒に来店しました。店内は広くゆったりとできます。', 5, 71, 50, '2023-12-31 15:00:00', '2023-12-31 15:00:00'),
(279, '名古屋では有名な格安で焼肉食べ放題のお店。タイミングよく仕事で行く機会があったので、地元の友人と一緒に来店しました。店内は広くゆったりとできます。', 1, 90, 34, '2023-12-31 15:00:00', '2023-12-31 15:00:00'),
(280, '名古屋では有名な格安で焼肉食べ放題のお店。タイミングよく仕事で行く機会があったので、地元の友人と一緒に来店しました。店内は広くゆったりとできます。', 5, 58, 29, '2023-12-31 15:00:00', '2023-12-31 15:00:00'),
(281, '名古屋では有名な格安で焼肉食べ放題のお店。タイミングよく仕事で行く機会があったので、地元の友人と一緒に来店しました。店内は広くゆったりとできます。', 1, 46, 50, '2023-12-31 15:00:00', '2023-12-31 15:00:00'),
(282, '名古屋では有名な格安で焼肉食べ放題のお店。タイミングよく仕事で行く機会があったので、地元の友人と一緒に来店しました。店内は広くゆったりとできます。', 5, 62, 28, '2023-12-31 15:00:00', '2023-12-31 15:00:00'),
(283, '名古屋では有名な格安で焼肉食べ放題のお店。タイミングよく仕事で行く機会があったので、地元の友人と一緒に来店しました。店内は広くゆったりとできます。', 3, 2, 2, '2023-12-31 15:00:00', '2023-12-31 15:00:00'),
(284, '名古屋では有名な格安で焼肉食べ放題のお店。タイミングよく仕事で行く機会があったので、地元の友人と一緒に来店しました。店内は広くゆったりとできます。', 4, 13, 59, '2023-12-31 15:00:00', '2023-12-31 15:00:00'),
(285, '名古屋では有名な格安で焼肉食べ放題のお店。タイミングよく仕事で行く機会があったので、地元の友人と一緒に来店しました。店内は広くゆったりとできます。', 3, 11, 69, '2023-12-31 15:00:00', '2023-12-31 15:00:00'),
(286, '名古屋では有名な格安で焼肉食べ放題のお店。タイミングよく仕事で行く機会があったので、地元の友人と一緒に来店しました。店内は広くゆったりとできます。', 3, 82, 9, '2023-12-31 15:00:00', '2023-12-31 15:00:00'),
(287, '名古屋では有名な格安で焼肉食べ放題のお店。タイミングよく仕事で行く機会があったので、地元の友人と一緒に来店しました。店内は広くゆったりとできます。', 2, 77, 18, '2023-12-31 15:00:00', '2023-12-31 15:00:00'),
(288, '名古屋では有名な格安で焼肉食べ放題のお店。タイミングよく仕事で行く機会があったので、地元の友人と一緒に来店しました。店内は広くゆったりとできます。', 2, 53, 81, '2023-12-31 15:00:00', '2023-12-31 15:00:00'),
(289, '名古屋では有名な格安で焼肉食べ放題のお店。タイミングよく仕事で行く機会があったので、地元の友人と一緒に来店しました。店内は広くゆったりとできます。', 2, 18, 62, '2023-12-31 15:00:00', '2023-12-31 15:00:00'),
(290, '名古屋では有名な格安で焼肉食べ放題のお店。タイミングよく仕事で行く機会があったので、地元の友人と一緒に来店しました。店内は広くゆったりとできます。', 5, 69, 39, '2023-12-31 15:00:00', '2023-12-31 15:00:00'),
(291, '名古屋では有名な格安で焼肉食べ放題のお店。タイミングよく仕事で行く機会があったので、地元の友人と一緒に来店しました。店内は広くゆったりとできます。', 5, 99, 50, '2023-12-31 15:00:00', '2023-12-31 15:00:00'),
(292, '名古屋では有名な格安で焼肉食べ放題のお店。タイミングよく仕事で行く機会があったので、地元の友人と一緒に来店しました。店内は広くゆったりとできます。', 3, 84, 80, '2023-12-31 15:00:00', '2023-12-31 15:00:00'),
(293, '名古屋では有名な格安で焼肉食べ放題のお店。タイミングよく仕事で行く機会があったので、地元の友人と一緒に来店しました。店内は広くゆったりとできます。', 5, 54, 47, '2023-12-31 15:00:00', '2023-12-31 15:00:00'),
(294, '名古屋では有名な格安で焼肉食べ放題のお店。タイミングよく仕事で行く機会があったので、地元の友人と一緒に来店しました。店内は広くゆったりとできます。', 2, 14, 15, '2023-12-31 15:00:00', '2023-12-31 15:00:00'),
(295, '名古屋では有名な格安で焼肉食べ放題のお店。タイミングよく仕事で行く機会があったので、地元の友人と一緒に来店しました。店内は広くゆったりとできます。', 4, 17, 98, '2023-12-31 15:00:00', '2023-12-31 15:00:00'),
(296, '名古屋では有名な格安で焼肉食べ放題のお店。タイミングよく仕事で行く機会があったので、地元の友人と一緒に来店しました。店内は広くゆったりとできます。', 1, 11, 91, '2023-12-31 15:00:00', '2023-12-31 15:00:00'),
(297, '名古屋では有名な格安で焼肉食べ放題のお店。タイミングよく仕事で行く機会があったので、地元の友人と一緒に来店しました。店内は広くゆったりとできます。', 3, 42, 39, '2023-12-31 15:00:00', '2023-12-31 15:00:00'),
(298, '名古屋では有名な格安で焼肉食べ放題のお店。タイミングよく仕事で行く機会があったので、地元の友人と一緒に来店しました。店内は広くゆったりとできます。', 5, 97, 91, '2023-12-31 15:00:00', '2023-12-31 15:00:00'),
(299, '名古屋では有名な格安で焼肉食べ放題のお店。タイミングよく仕事で行く機会があったので、地元の友人と一緒に来店しました。店内は広くゆったりとできます。', 4, 6, 90, '2023-12-31 15:00:00', '2023-12-31 15:00:00'),
(300, '名古屋では有名な格安で焼肉食べ放題のお店。タイミングよく仕事で行く機会があったので、地元の友人と一緒に来店しました。店内は広くゆったりとできます。', 4, 84, 82, '2023-12-31 15:00:00', '2023-12-31 15:00:00'),
(301, '名古屋では有名な格安で焼肉食べ放題のお店。タイミングよく仕事で行く機会があったので、地元の友人と一緒に来店しました。店内は広くゆったりとできます。', 2, 85, 9, '2023-12-31 15:00:00', '2023-12-31 15:00:00'),
(302, '名古屋では有名な格安で焼肉食べ放題のお店。タイミングよく仕事で行く機会があったので、地元の友人と一緒に来店しました。店内は広くゆったりとできます。', 2, 48, 59, '2023-12-31 15:00:00', '2023-12-31 15:00:00'),
(303, '名古屋では有名な格安で焼肉食べ放題のお店。タイミングよく仕事で行く機会があったので、地元の友人と一緒に来店しました。店内は広くゆったりとできます。', 5, 48, 50, '2023-12-31 15:00:00', '2023-12-31 15:00:00'),
(304, '名古屋では有名な格安で焼肉食べ放題のお店。タイミングよく仕事で行く機会があったので、地元の友人と一緒に来店しました。店内は広くゆったりとできます。', 3, 51, 93, '2023-12-31 15:00:00', '2023-12-31 15:00:00'),
(305, '名古屋では有名な格安で焼肉食べ放題のお店。タイミングよく仕事で行く機会があったので、地元の友人と一緒に来店しました。店内は広くゆったりとできます。', 1, 19, 64, '2023-12-31 15:00:00', '2023-12-31 15:00:00'),
(306, '名古屋では有名な格安で焼肉食べ放題のお店。タイミングよく仕事で行く機会があったので、地元の友人と一緒に来店しました。店内は広くゆったりとできます。', 4, 78, 15, '2023-12-31 15:00:00', '2023-12-31 15:00:00'),
(307, '名古屋では有名な格安で焼肉食べ放題のお店。タイミングよく仕事で行く機会があったので、地元の友人と一緒に来店しました。店内は広くゆったりとできます。', 3, 28, 17, '2023-12-31 15:00:00', '2023-12-31 15:00:00'),
(308, '名古屋では有名な格安で焼肉食べ放題のお店。タイミングよく仕事で行く機会があったので、地元の友人と一緒に来店しました。店内は広くゆったりとできます。', 3, 43, 101, '2023-12-31 15:00:00', '2023-12-31 15:00:00'),
(309, '名古屋では有名な格安で焼肉食べ放題のお店。タイミングよく仕事で行く機会があったので、地元の友人と一緒に来店しました。店内は広くゆったりとできます。', 2, 73, 9, '2023-12-31 15:00:00', '2023-12-31 15:00:00'),
(310, '名古屋では有名な格安で焼肉食べ放題のお店。タイミングよく仕事で行く機会があったので、地元の友人と一緒に来店しました。店内は広くゆったりとできます。', 5, 54, 80, '2023-12-31 15:00:00', '2023-12-31 15:00:00'),
(311, '名古屋では有名な格安で焼肉食べ放題のお店。タイミングよく仕事で行く機会があったので、地元の友人と一緒に来店しました。店内は広くゆったりとできます。', 4, 45, 64, '2023-12-31 15:00:00', '2023-12-31 15:00:00'),
(312, '名古屋では有名な格安で焼肉食べ放題のお店。タイミングよく仕事で行く機会があったので、地元の友人と一緒に来店しました。店内は広くゆったりとできます。', 1, 31, 78, '2023-12-31 15:00:00', '2023-12-31 15:00:00'),
(313, '名古屋では有名な格安で焼肉食べ放題のお店。タイミングよく仕事で行く機会があったので、地元の友人と一緒に来店しました。店内は広くゆったりとできます。', 2, 43, 77, '2023-12-31 15:00:00', '2023-12-31 15:00:00'),
(314, '名古屋では有名な格安で焼肉食べ放題のお店。タイミングよく仕事で行く機会があったので、地元の友人と一緒に来店しました。店内は広くゆったりとできます。', 3, 62, 39, '2023-12-31 15:00:00', '2023-12-31 15:00:00'),
(315, '名古屋では有名な格安で焼肉食べ放題のお店。タイミングよく仕事で行く機会があったので、地元の友人と一緒に来店しました。店内は広くゆったりとできます。', 5, 48, 70, '2023-12-31 15:00:00', '2023-12-31 15:00:00'),
(316, '名古屋では有名な格安で焼肉食べ放題のお店。タイミングよく仕事で行く機会があったので、地元の友人と一緒に来店しました。店内は広くゆったりとできます。', 2, 89, 59, '2023-12-31 15:00:00', '2023-12-31 15:00:00'),
(317, '名古屋では有名な格安で焼肉食べ放題のお店。タイミングよく仕事で行く機会があったので、地元の友人と一緒に来店しました。店内は広くゆったりとできます。', 5, 60, 89, '2023-12-31 15:00:00', '2023-12-31 15:00:00'),
(318, '名古屋では有名な格安で焼肉食べ放題のお店。タイミングよく仕事で行く機会があったので、地元の友人と一緒に来店しました。店内は広くゆったりとできます。', 1, 1, 21, '2023-12-31 15:00:00', '2023-12-31 15:00:00'),
(319, '名古屋では有名な格安で焼肉食べ放題のお店。タイミングよく仕事で行く機会があったので、地元の友人と一緒に来店しました。店内は広くゆったりとできます。', 3, 62, 97, '2023-12-31 15:00:00', '2023-12-31 15:00:00'),
(320, '名古屋では有名な格安で焼肉食べ放題のお店。タイミングよく仕事で行く機会があったので、地元の友人と一緒に来店しました。店内は広くゆったりとできます。', 4, 76, 12, '2023-12-31 15:00:00', '2023-12-31 15:00:00'),
(321, '名古屋では有名な格安で焼肉食べ放題のお店。タイミングよく仕事で行く機会があったので、地元の友人と一緒に来店しました。店内は広くゆったりとできます。', 3, 65, 33, '2023-12-31 15:00:00', '2023-12-31 15:00:00'),
(322, '名古屋では有名な格安で焼肉食べ放題のお店。タイミングよく仕事で行く機会があったので、地元の友人と一緒に来店しました。店内は広くゆったりとできます。', 2, 87, 12, '2023-12-31 15:00:00', '2023-12-31 15:00:00'),
(323, '名古屋では有名な格安で焼肉食べ放題のお店。タイミングよく仕事で行く機会があったので、地元の友人と一緒に来店しました。店内は広くゆったりとできます。', 3, 62, 98, '2023-12-31 15:00:00', '2023-12-31 15:00:00'),
(324, '名古屋では有名な格安で焼肉食べ放題のお店。タイミングよく仕事で行く機会があったので、地元の友人と一緒に来店しました。店内は広くゆったりとできます。', 2, 25, 64, '2023-12-31 15:00:00', '2023-12-31 15:00:00'),
(325, '名古屋では有名な格安で焼肉食べ放題のお店。タイミングよく仕事で行く機会があったので、地元の友人と一緒に来店しました。店内は広くゆったりとできます。', 2, 48, 29, '2023-12-31 15:00:00', '2023-12-31 15:00:00'),
(326, '名古屋では有名な格安で焼肉食べ放題のお店。タイミングよく仕事で行く機会があったので、地元の友人と一緒に来店しました。店内は広くゆったりとできます。', 1, 72, 6, '2023-12-31 15:00:00', '2023-12-31 15:00:00'),
(327, '名古屋では有名な格安で焼肉食べ放題のお店。タイミングよく仕事で行く機会があったので、地元の友人と一緒に来店しました。店内は広くゆったりとできます。', 2, 3, 18, '2023-12-31 15:00:00', '2023-12-31 15:00:00'),
(328, '名古屋では有名な格安で焼肉食べ放題のお店。タイミングよく仕事で行く機会があったので、地元の友人と一緒に来店しました。店内は広くゆったりとできます。', 3, 41, 40, '2023-12-31 15:00:00', '2023-12-31 15:00:00'),
(329, '名古屋では有名な格安で焼肉食べ放題のお店。タイミングよく仕事で行く機会があったので、地元の友人と一緒に来店しました。店内は広くゆったりとできます。', 3, 12, 90, '2023-12-31 15:00:00', '2023-12-31 15:00:00'),
(330, '名古屋では有名な格安で焼肉食べ放題のお店。タイミングよく仕事で行く機会があったので、地元の友人と一緒に来店しました。店内は広くゆったりとできます。', 1, 80, 97, '2023-12-31 15:00:00', '2023-12-31 15:00:00'),
(331, '名古屋では有名な格安で焼肉食べ放題のお店。タイミングよく仕事で行く機会があったので、地元の友人と一緒に来店しました。店内は広くゆったりとできます。', 5, 24, 66, '2023-12-31 15:00:00', '2023-12-31 15:00:00'),
(332, '名古屋では有名な格安で焼肉食べ放題のお店。タイミングよく仕事で行く機会があったので、地元の友人と一緒に来店しました。店内は広くゆったりとできます。', 1, 61, 15, '2023-12-31 15:00:00', '2023-12-31 15:00:00'),
(333, '名古屋では有名な格安で焼肉食べ放題のお店。タイミングよく仕事で行く機会があったので、地元の友人と一緒に来店しました。店内は広くゆったりとできます。', 1, 39, 85, '2023-12-31 15:00:00', '2023-12-31 15:00:00'),
(334, '名古屋では有名な格安で焼肉食べ放題のお店。タイミングよく仕事で行く機会があったので、地元の友人と一緒に来店しました。店内は広くゆったりとできます。', 3, 3, 79, '2023-12-31 15:00:00', '2023-12-31 15:00:00'),
(335, '名古屋では有名な格安で焼肉食べ放題のお店。タイミングよく仕事で行く機会があったので、地元の友人と一緒に来店しました。店内は広くゆったりとできます。', 2, 55, 57, '2023-12-31 15:00:00', '2023-12-31 15:00:00'),
(336, '名古屋では有名な格安で焼肉食べ放題のお店。タイミングよく仕事で行く機会があったので、地元の友人と一緒に来店しました。店内は広くゆったりとできます。', 2, 96, 64, '2023-12-31 15:00:00', '2023-12-31 15:00:00'),
(337, '名古屋では有名な格安で焼肉食べ放題のお店。タイミングよく仕事で行く機会があったので、地元の友人と一緒に来店しました。店内は広くゆったりとできます。', 4, 50, 61, '2023-12-31 15:00:00', '2023-12-31 15:00:00'),
(338, '名古屋では有名な格安で焼肉食べ放題のお店。タイミングよく仕事で行く機会があったので、地元の友人と一緒に来店しました。店内は広くゆったりとできます。', 5, 95, 52, '2023-12-31 15:00:00', '2023-12-31 15:00:00'),
(339, '名古屋では有名な格安で焼肉食べ放題のお店。タイミングよく仕事で行く機会があったので、地元の友人と一緒に来店しました。店内は広くゆったりとできます。', 4, 86, 5, '2023-12-31 15:00:00', '2023-12-31 15:00:00'),
(340, '名古屋では有名な格安で焼肉食べ放題のお店。タイミングよく仕事で行く機会があったので、地元の友人と一緒に来店しました。店内は広くゆったりとできます。', 1, 73, 79, '2023-12-31 15:00:00', '2023-12-31 15:00:00'),
(341, '名古屋では有名な格安で焼肉食べ放題のお店。タイミングよく仕事で行く機会があったので、地元の友人と一緒に来店しました。店内は広くゆったりとできます。', 5, 89, 61, '2023-12-31 15:00:00', '2023-12-31 15:00:00'),
(342, '名古屋では有名な格安で焼肉食べ放題のお店。タイミングよく仕事で行く機会があったので、地元の友人と一緒に来店しました。店内は広くゆったりとできます。', 1, 20, 69, '2023-12-31 15:00:00', '2023-12-31 15:00:00'),
(343, '名古屋では有名な格安で焼肉食べ放題のお店。タイミングよく仕事で行く機会があったので、地元の友人と一緒に来店しました。店内は広くゆったりとできます。', 4, 24, 51, '2023-12-31 15:00:00', '2023-12-31 15:00:00'),
(344, '名古屋では有名な格安で焼肉食べ放題のお店。タイミングよく仕事で行く機会があったので、地元の友人と一緒に来店しました。店内は広くゆったりとできます。', 1, 46, 14, '2023-12-31 15:00:00', '2023-12-31 15:00:00'),
(345, '名古屋では有名な格安で焼肉食べ放題のお店。タイミングよく仕事で行く機会があったので、地元の友人と一緒に来店しました。店内は広くゆったりとできます。', 5, 90, 52, '2023-12-31 15:00:00', '2023-12-31 15:00:00'),
(346, '名古屋では有名な格安で焼肉食べ放題のお店。タイミングよく仕事で行く機会があったので、地元の友人と一緒に来店しました。店内は広くゆったりとできます。', 3, 26, 78, '2023-12-31 15:00:00', '2023-12-31 15:00:00'),
(347, '名古屋では有名な格安で焼肉食べ放題のお店。タイミングよく仕事で行く機会があったので、地元の友人と一緒に来店しました。店内は広くゆったりとできます。', 5, 99, 83, '2023-12-31 15:00:00', '2023-12-31 15:00:00'),
(348, '名古屋では有名な格安で焼肉食べ放題のお店。タイミングよく仕事で行く機会があったので、地元の友人と一緒に来店しました。店内は広くゆったりとできます。', 5, 83, 11, '2023-12-31 15:00:00', '2023-12-31 15:00:00'),
(349, '名古屋では有名な格安で焼肉食べ放題のお店。タイミングよく仕事で行く機会があったので、地元の友人と一緒に来店しました。店内は広くゆったりとできます。', 3, 100, 84, '2023-12-31 15:00:00', '2023-12-31 15:00:00'),
(350, '名古屋では有名な格安で焼肉食べ放題のお店。タイミングよく仕事で行く機会があったので、地元の友人と一緒に来店しました。店内は広くゆったりとできます。', 5, 33, 9, '2023-12-31 15:00:00', '2023-12-31 15:00:00'),
(351, '名古屋では有名な格安で焼肉食べ放題のお店。タイミングよく仕事で行く機会があったので、地元の友人と一緒に来店しました。店内は広くゆったりとできます。', 3, 41, 23, '2023-12-31 15:00:00', '2023-12-31 15:00:00'),
(352, '名古屋では有名な格安で焼肉食べ放題のお店。タイミングよく仕事で行く機会があったので、地元の友人と一緒に来店しました。店内は広くゆったりとできます。', 3, 13, 63, '2023-12-31 15:00:00', '2023-12-31 15:00:00'),
(353, '名古屋では有名な格安で焼肉食べ放題のお店。タイミングよく仕事で行く機会があったので、地元の友人と一緒に来店しました。店内は広くゆったりとできます。', 4, 17, 34, '2023-12-31 15:00:00', '2023-12-31 15:00:00'),
(354, '名古屋では有名な格安で焼肉食べ放題のお店。タイミングよく仕事で行く機会があったので、地元の友人と一緒に来店しました。店内は広くゆったりとできます。', 1, 87, 4, '2023-12-31 15:00:00', '2023-12-31 15:00:00'),
(355, '名古屋では有名な格安で焼肉食べ放題のお店。タイミングよく仕事で行く機会があったので、地元の友人と一緒に来店しました。店内は広くゆったりとできます。', 4, 6, 17, '2023-12-31 15:00:00', '2023-12-31 15:00:00'),
(356, '名古屋では有名な格安で焼肉食べ放題のお店。タイミングよく仕事で行く機会があったので、地元の友人と一緒に来店しました。店内は広くゆったりとできます。', 3, 5, 86, '2023-12-31 15:00:00', '2023-12-31 15:00:00'),
(357, '名古屋では有名な格安で焼肉食べ放題のお店。タイミングよく仕事で行く機会があったので、地元の友人と一緒に来店しました。店内は広くゆったりとできます。', 4, 87, 99, '2023-12-31 15:00:00', '2023-12-31 15:00:00'),
(358, '名古屋では有名な格安で焼肉食べ放題のお店。タイミングよく仕事で行く機会があったので、地元の友人と一緒に来店しました。店内は広くゆったりとできます。', 5, 86, 93, '2023-12-31 15:00:00', '2023-12-31 15:00:00'),
(359, '名古屋では有名な格安で焼肉食べ放題のお店。タイミングよく仕事で行く機会があったので、地元の友人と一緒に来店しました。店内は広くゆったりとできます。', 1, 58, 97, '2023-12-31 15:00:00', '2023-12-31 15:00:00'),
(360, '名古屋では有名な格安で焼肉食べ放題のお店。タイミングよく仕事で行く機会があったので、地元の友人と一緒に来店しました。店内は広くゆったりとできます。', 5, 8, 76, '2023-12-31 15:00:00', '2023-12-31 15:00:00');
INSERT INTO `reviews` (`id`, `content`, `score`, `restaurant_id`, `user_id`, `created_at`, `updated_at`) VALUES
(361, '名古屋では有名な格安で焼肉食べ放題のお店。タイミングよく仕事で行く機会があったので、地元の友人と一緒に来店しました。店内は広くゆったりとできます。', 2, 35, 56, '2023-12-31 15:00:00', '2023-12-31 15:00:00'),
(362, '名古屋では有名な格安で焼肉食べ放題のお店。タイミングよく仕事で行く機会があったので、地元の友人と一緒に来店しました。店内は広くゆったりとできます。', 4, 97, 33, '2023-12-31 15:00:00', '2023-12-31 15:00:00'),
(363, '名古屋では有名な格安で焼肉食べ放題のお店。タイミングよく仕事で行く機会があったので、地元の友人と一緒に来店しました。店内は広くゆったりとできます。', 3, 100, 6, '2023-12-31 15:00:00', '2023-12-31 15:00:00'),
(364, '名古屋では有名な格安で焼肉食べ放題のお店。タイミングよく仕事で行く機会があったので、地元の友人と一緒に来店しました。店内は広くゆったりとできます。', 1, 45, 14, '2023-12-31 15:00:00', '2023-12-31 15:00:00'),
(365, '名古屋では有名な格安で焼肉食べ放題のお店。タイミングよく仕事で行く機会があったので、地元の友人と一緒に来店しました。店内は広くゆったりとできます。', 5, 69, 70, '2023-12-31 15:00:00', '2023-12-31 15:00:00'),
(366, '名古屋では有名な格安で焼肉食べ放題のお店。タイミングよく仕事で行く機会があったので、地元の友人と一緒に来店しました。店内は広くゆったりとできます。', 2, 85, 30, '2023-12-31 15:00:00', '2023-12-31 15:00:00'),
(367, '名古屋では有名な格安で焼肉食べ放題のお店。タイミングよく仕事で行く機会があったので、地元の友人と一緒に来店しました。店内は広くゆったりとできます。', 5, 57, 67, '2023-12-31 15:00:00', '2023-12-31 15:00:00'),
(368, '名古屋では有名な格安で焼肉食べ放題のお店。タイミングよく仕事で行く機会があったので、地元の友人と一緒に来店しました。店内は広くゆったりとできます。', 5, 73, 15, '2023-12-31 15:00:00', '2023-12-31 15:00:00'),
(369, '名古屋では有名な格安で焼肉食べ放題のお店。タイミングよく仕事で行く機会があったので、地元の友人と一緒に来店しました。店内は広くゆったりとできます。', 5, 2, 34, '2023-12-31 15:00:00', '2023-12-31 15:00:00'),
(370, '名古屋では有名な格安で焼肉食べ放題のお店。タイミングよく仕事で行く機会があったので、地元の友人と一緒に来店しました。店内は広くゆったりとできます。', 1, 5, 53, '2023-12-31 15:00:00', '2023-12-31 15:00:00'),
(371, '名古屋では有名な格安で焼肉食べ放題のお店。タイミングよく仕事で行く機会があったので、地元の友人と一緒に来店しました。店内は広くゆったりとできます。', 4, 7, 96, '2023-12-31 15:00:00', '2023-12-31 15:00:00'),
(372, '名古屋では有名な格安で焼肉食べ放題のお店。タイミングよく仕事で行く機会があったので、地元の友人と一緒に来店しました。店内は広くゆったりとできます。', 5, 75, 37, '2023-12-31 15:00:00', '2023-12-31 15:00:00'),
(373, '名古屋では有名な格安で焼肉食べ放題のお店。タイミングよく仕事で行く機会があったので、地元の友人と一緒に来店しました。店内は広くゆったりとできます。', 4, 60, 5, '2023-12-31 15:00:00', '2023-12-31 15:00:00'),
(374, '名古屋では有名な格安で焼肉食べ放題のお店。タイミングよく仕事で行く機会があったので、地元の友人と一緒に来店しました。店内は広くゆったりとできます。', 1, 86, 68, '2023-12-31 15:00:00', '2023-12-31 15:00:00'),
(375, '名古屋では有名な格安で焼肉食べ放題のお店。タイミングよく仕事で行く機会があったので、地元の友人と一緒に来店しました。店内は広くゆったりとできます。', 5, 100, 67, '2023-12-31 15:00:00', '2023-12-31 15:00:00'),
(376, '名古屋では有名な格安で焼肉食べ放題のお店。タイミングよく仕事で行く機会があったので、地元の友人と一緒に来店しました。店内は広くゆったりとできます。', 4, 67, 97, '2023-12-31 15:00:00', '2023-12-31 15:00:00'),
(377, '名古屋では有名な格安で焼肉食べ放題のお店。タイミングよく仕事で行く機会があったので、地元の友人と一緒に来店しました。店内は広くゆったりとできます。', 1, 69, 68, '2023-12-31 15:00:00', '2023-12-31 15:00:00'),
(378, '名古屋では有名な格安で焼肉食べ放題のお店。タイミングよく仕事で行く機会があったので、地元の友人と一緒に来店しました。店内は広くゆったりとできます。', 4, 52, 96, '2023-12-31 15:00:00', '2023-12-31 15:00:00'),
(379, '名古屋では有名な格安で焼肉食べ放題のお店。タイミングよく仕事で行く機会があったので、地元の友人と一緒に来店しました。店内は広くゆったりとできます。', 3, 61, 27, '2023-12-31 15:00:00', '2023-12-31 15:00:00'),
(380, '名古屋では有名な格安で焼肉食べ放題のお店。タイミングよく仕事で行く機会があったので、地元の友人と一緒に来店しました。店内は広くゆったりとできます。', 3, 43, 60, '2023-12-31 15:00:00', '2023-12-31 15:00:00'),
(381, '名古屋では有名な格安で焼肉食べ放題のお店。タイミングよく仕事で行く機会があったので、地元の友人と一緒に来店しました。店内は広くゆったりとできます。', 1, 91, 87, '2023-12-31 15:00:00', '2023-12-31 15:00:00'),
(382, '名古屋では有名な格安で焼肉食べ放題のお店。タイミングよく仕事で行く機会があったので、地元の友人と一緒に来店しました。店内は広くゆったりとできます。', 1, 26, 97, '2023-12-31 15:00:00', '2023-12-31 15:00:00'),
(383, '名古屋では有名な格安で焼肉食べ放題のお店。タイミングよく仕事で行く機会があったので、地元の友人と一緒に来店しました。店内は広くゆったりとできます。', 5, 88, 70, '2023-12-31 15:00:00', '2023-12-31 15:00:00'),
(384, '名古屋では有名な格安で焼肉食べ放題のお店。タイミングよく仕事で行く機会があったので、地元の友人と一緒に来店しました。店内は広くゆったりとできます。', 1, 74, 29, '2023-12-31 15:00:00', '2023-12-31 15:00:00'),
(385, '名古屋では有名な格安で焼肉食べ放題のお店。タイミングよく仕事で行く機会があったので、地元の友人と一緒に来店しました。店内は広くゆったりとできます。', 2, 29, 89, '2023-12-31 15:00:00', '2023-12-31 15:00:00'),
(386, '名古屋では有名な格安で焼肉食べ放題のお店。タイミングよく仕事で行く機会があったので、地元の友人と一緒に来店しました。店内は広くゆったりとできます。', 5, 81, 24, '2023-12-31 15:00:00', '2023-12-31 15:00:00'),
(387, '名古屋では有名な格安で焼肉食べ放題のお店。タイミングよく仕事で行く機会があったので、地元の友人と一緒に来店しました。店内は広くゆったりとできます。', 3, 8, 46, '2023-12-31 15:00:00', '2023-12-31 15:00:00'),
(388, '名古屋では有名な格安で焼肉食べ放題のお店。タイミングよく仕事で行く機会があったので、地元の友人と一緒に来店しました。店内は広くゆったりとできます。', 2, 72, 6, '2023-12-31 15:00:00', '2023-12-31 15:00:00'),
(389, '名古屋では有名な格安で焼肉食べ放題のお店。タイミングよく仕事で行く機会があったので、地元の友人と一緒に来店しました。店内は広くゆったりとできます。', 1, 6, 39, '2023-12-31 15:00:00', '2023-12-31 15:00:00'),
(390, '名古屋では有名な格安で焼肉食べ放題のお店。タイミングよく仕事で行く機会があったので、地元の友人と一緒に来店しました。店内は広くゆったりとできます。', 2, 75, 33, '2023-12-31 15:00:00', '2023-12-31 15:00:00'),
(391, '名古屋では有名な格安で焼肉食べ放題のお店。タイミングよく仕事で行く機会があったので、地元の友人と一緒に来店しました。店内は広くゆったりとできます。', 4, 82, 80, '2023-12-31 15:00:00', '2023-12-31 15:00:00'),
(392, '名古屋では有名な格安で焼肉食べ放題のお店。タイミングよく仕事で行く機会があったので、地元の友人と一緒に来店しました。店内は広くゆったりとできます。', 5, 8, 16, '2023-12-31 15:00:00', '2023-12-31 15:00:00'),
(393, '名古屋では有名な格安で焼肉食べ放題のお店。タイミングよく仕事で行く機会があったので、地元の友人と一緒に来店しました。店内は広くゆったりとできます。', 4, 57, 55, '2023-12-31 15:00:00', '2023-12-31 15:00:00'),
(394, '名古屋では有名な格安で焼肉食べ放題のお店。タイミングよく仕事で行く機会があったので、地元の友人と一緒に来店しました。店内は広くゆったりとできます。', 5, 9, 64, '2023-12-31 15:00:00', '2023-12-31 15:00:00'),
(395, '名古屋では有名な格安で焼肉食べ放題のお店。タイミングよく仕事で行く機会があったので、地元の友人と一緒に来店しました。店内は広くゆったりとできます。', 3, 5, 79, '2023-12-31 15:00:00', '2023-12-31 15:00:00'),
(396, '名古屋では有名な格安で焼肉食べ放題のお店。タイミングよく仕事で行く機会があったので、地元の友人と一緒に来店しました。店内は広くゆったりとできます。', 5, 5, 96, '2023-12-31 15:00:00', '2023-12-31 15:00:00'),
(397, '名古屋では有名な格安で焼肉食べ放題のお店。タイミングよく仕事で行く機会があったので、地元の友人と一緒に来店しました。店内は広くゆったりとできます。', 3, 52, 69, '2023-12-31 15:00:00', '2023-12-31 15:00:00'),
(398, '名古屋では有名な格安で焼肉食べ放題のお店。タイミングよく仕事で行く機会があったので、地元の友人と一緒に来店しました。店内は広くゆったりとできます。', 4, 52, 67, '2023-12-31 15:00:00', '2023-12-31 15:00:00'),
(399, '名古屋では有名な格安で焼肉食べ放題のお店。タイミングよく仕事で行く機会があったので、地元の友人と一緒に来店しました。店内は広くゆったりとできます。', 2, 63, 101, '2023-12-31 15:00:00', '2023-12-31 15:00:00'),
(400, '名古屋では有名な格安で焼肉食べ放題のお店。タイミングよく仕事で行く機会があったので、地元の友人と一緒に来店しました。店内は広くゆったりとできます。', 4, 45, 56, '2023-12-31 15:00:00', '2023-12-31 15:00:00'),
(401, '名古屋では有名な格安で焼肉食べ放題のお店。タイミングよく仕事で行く機会があったので、地元の友人と一緒に来店しました。店内は広くゆったりとできます。', 4, 28, 39, '2023-12-31 15:00:00', '2023-12-31 15:00:00'),
(402, '名古屋では有名な格安で焼肉食べ放題のお店。タイミングよく仕事で行く機会があったので、地元の友人と一緒に来店しました。店内は広くゆったりとできます。', 2, 6, 60, '2023-12-31 15:00:00', '2023-12-31 15:00:00'),
(403, '名古屋では有名な格安で焼肉食べ放題のお店。タイミングよく仕事で行く機会があったので、地元の友人と一緒に来店しました。店内は広くゆったりとできます。', 5, 92, 20, '2023-12-31 15:00:00', '2023-12-31 15:00:00'),
(404, '名古屋では有名な格安で焼肉食べ放題のお店。タイミングよく仕事で行く機会があったので、地元の友人と一緒に来店しました。店内は広くゆったりとできます。', 4, 32, 73, '2023-12-31 15:00:00', '2023-12-31 15:00:00'),
(405, '名古屋では有名な格安で焼肉食べ放題のお店。タイミングよく仕事で行く機会があったので、地元の友人と一緒に来店しました。店内は広くゆったりとできます。', 1, 75, 15, '2023-12-31 15:00:00', '2023-12-31 15:00:00'),
(406, '名古屋では有名な格安で焼肉食べ放題のお店。タイミングよく仕事で行く機会があったので、地元の友人と一緒に来店しました。店内は広くゆったりとできます。', 2, 38, 42, '2023-12-31 15:00:00', '2023-12-31 15:00:00'),
(407, '名古屋では有名な格安で焼肉食べ放題のお店。タイミングよく仕事で行く機会があったので、地元の友人と一緒に来店しました。店内は広くゆったりとできます。', 1, 60, 5, '2023-12-31 15:00:00', '2023-12-31 15:00:00'),
(408, '名古屋では有名な格安で焼肉食べ放題のお店。タイミングよく仕事で行く機会があったので、地元の友人と一緒に来店しました。店内は広くゆったりとできます。', 4, 74, 14, '2023-12-31 15:00:00', '2023-12-31 15:00:00'),
(409, '名古屋では有名な格安で焼肉食べ放題のお店。タイミングよく仕事で行く機会があったので、地元の友人と一緒に来店しました。店内は広くゆったりとできます。', 5, 53, 81, '2023-12-31 15:00:00', '2023-12-31 15:00:00'),
(410, '名古屋では有名な格安で焼肉食べ放題のお店。タイミングよく仕事で行く機会があったので、地元の友人と一緒に来店しました。店内は広くゆったりとできます。', 3, 9, 61, '2023-12-31 15:00:00', '2023-12-31 15:00:00'),
(411, '名古屋では有名な格安で焼肉食べ放題のお店。タイミングよく仕事で行く機会があったので、地元の友人と一緒に来店しました。店内は広くゆったりとできます。', 5, 36, 67, '2023-12-31 15:00:00', '2023-12-31 15:00:00'),
(412, '名古屋では有名な格安で焼肉食べ放題のお店。タイミングよく仕事で行く機会があったので、地元の友人と一緒に来店しました。店内は広くゆったりとできます。', 2, 60, 6, '2023-12-31 15:00:00', '2023-12-31 15:00:00'),
(413, '名古屋では有名な格安で焼肉食べ放題のお店。タイミングよく仕事で行く機会があったので、地元の友人と一緒に来店しました。店内は広くゆったりとできます。', 2, 44, 14, '2023-12-31 15:00:00', '2023-12-31 15:00:00'),
(414, '名古屋では有名な格安で焼肉食べ放題のお店。タイミングよく仕事で行く機会があったので、地元の友人と一緒に来店しました。店内は広くゆったりとできます。', 1, 6, 35, '2023-12-31 15:00:00', '2023-12-31 15:00:00'),
(415, '名古屋では有名な格安で焼肉食べ放題のお店。タイミングよく仕事で行く機会があったので、地元の友人と一緒に来店しました。店内は広くゆったりとできます。', 2, 66, 37, '2023-12-31 15:00:00', '2023-12-31 15:00:00'),
(416, '名古屋では有名な格安で焼肉食べ放題のお店。タイミングよく仕事で行く機会があったので、地元の友人と一緒に来店しました。店内は広くゆったりとできます。', 5, 3, 84, '2023-12-31 15:00:00', '2023-12-31 15:00:00'),
(417, '名古屋では有名な格安で焼肉食べ放題のお店。タイミングよく仕事で行く機会があったので、地元の友人と一緒に来店しました。店内は広くゆったりとできます。', 1, 35, 24, '2023-12-31 15:00:00', '2023-12-31 15:00:00'),
(418, '名古屋では有名な格安で焼肉食べ放題のお店。タイミングよく仕事で行く機会があったので、地元の友人と一緒に来店しました。店内は広くゆったりとできます。', 2, 71, 90, '2023-12-31 15:00:00', '2023-12-31 15:00:00'),
(419, '名古屋では有名な格安で焼肉食べ放題のお店。タイミングよく仕事で行く機会があったので、地元の友人と一緒に来店しました。店内は広くゆったりとできます。', 4, 38, 97, '2023-12-31 15:00:00', '2023-12-31 15:00:00'),
(420, '名古屋では有名な格安で焼肉食べ放題のお店。タイミングよく仕事で行く機会があったので、地元の友人と一緒に来店しました。店内は広くゆったりとできます。', 4, 28, 62, '2023-12-31 15:00:00', '2023-12-31 15:00:00'),
(421, '名古屋では有名な格安で焼肉食べ放題のお店。タイミングよく仕事で行く機会があったので、地元の友人と一緒に来店しました。店内は広くゆったりとできます。', 3, 99, 56, '2023-12-31 15:00:00', '2023-12-31 15:00:00'),
(422, '名古屋では有名な格安で焼肉食べ放題のお店。タイミングよく仕事で行く機会があったので、地元の友人と一緒に来店しました。店内は広くゆったりとできます。', 3, 69, 59, '2023-12-31 15:00:00', '2023-12-31 15:00:00'),
(423, '名古屋では有名な格安で焼肉食べ放題のお店。タイミングよく仕事で行く機会があったので、地元の友人と一緒に来店しました。店内は広くゆったりとできます。', 3, 88, 18, '2023-12-31 15:00:00', '2023-12-31 15:00:00'),
(424, '名古屋では有名な格安で焼肉食べ放題のお店。タイミングよく仕事で行く機会があったので、地元の友人と一緒に来店しました。店内は広くゆったりとできます。', 4, 86, 25, '2023-12-31 15:00:00', '2023-12-31 15:00:00'),
(425, '名古屋では有名な格安で焼肉食べ放題のお店。タイミングよく仕事で行く機会があったので、地元の友人と一緒に来店しました。店内は広くゆったりとできます。', 1, 38, 34, '2023-12-31 15:00:00', '2023-12-31 15:00:00'),
(426, '名古屋では有名な格安で焼肉食べ放題のお店。タイミングよく仕事で行く機会があったので、地元の友人と一緒に来店しました。店内は広くゆったりとできます。', 1, 73, 12, '2023-12-31 15:00:00', '2023-12-31 15:00:00'),
(427, '名古屋では有名な格安で焼肉食べ放題のお店。タイミングよく仕事で行く機会があったので、地元の友人と一緒に来店しました。店内は広くゆったりとできます。', 5, 14, 10, '2023-12-31 15:00:00', '2023-12-31 15:00:00'),
(428, '名古屋では有名な格安で焼肉食べ放題のお店。タイミングよく仕事で行く機会があったので、地元の友人と一緒に来店しました。店内は広くゆったりとできます。', 5, 12, 8, '2023-12-31 15:00:00', '2023-12-31 15:00:00'),
(429, '名古屋では有名な格安で焼肉食べ放題のお店。タイミングよく仕事で行く機会があったので、地元の友人と一緒に来店しました。店内は広くゆったりとできます。', 2, 23, 16, '2023-12-31 15:00:00', '2023-12-31 15:00:00'),
(430, '名古屋では有名な格安で焼肉食べ放題のお店。タイミングよく仕事で行く機会があったので、地元の友人と一緒に来店しました。店内は広くゆったりとできます。', 2, 88, 99, '2023-12-31 15:00:00', '2023-12-31 15:00:00'),
(431, '名古屋では有名な格安で焼肉食べ放題のお店。タイミングよく仕事で行く機会があったので、地元の友人と一緒に来店しました。店内は広くゆったりとできます。', 5, 62, 15, '2023-12-31 15:00:00', '2023-12-31 15:00:00'),
(432, '名古屋では有名な格安で焼肉食べ放題のお店。タイミングよく仕事で行く機会があったので、地元の友人と一緒に来店しました。店内は広くゆったりとできます。', 2, 79, 86, '2023-12-31 15:00:00', '2023-12-31 15:00:00'),
(433, '名古屋では有名な格安で焼肉食べ放題のお店。タイミングよく仕事で行く機会があったので、地元の友人と一緒に来店しました。店内は広くゆったりとできます。', 5, 28, 3, '2023-12-31 15:00:00', '2023-12-31 15:00:00'),
(434, '名古屋では有名な格安で焼肉食べ放題のお店。タイミングよく仕事で行く機会があったので、地元の友人と一緒に来店しました。店内は広くゆったりとできます。', 5, 47, 14, '2023-12-31 15:00:00', '2023-12-31 15:00:00'),
(435, '名古屋では有名な格安で焼肉食べ放題のお店。タイミングよく仕事で行く機会があったので、地元の友人と一緒に来店しました。店内は広くゆったりとできます。', 4, 78, 92, '2023-12-31 15:00:00', '2023-12-31 15:00:00'),
(436, '名古屋では有名な格安で焼肉食べ放題のお店。タイミングよく仕事で行く機会があったので、地元の友人と一緒に来店しました。店内は広くゆったりとできます。', 5, 77, 16, '2023-12-31 15:00:00', '2023-12-31 15:00:00'),
(437, '名古屋では有名な格安で焼肉食べ放題のお店。タイミングよく仕事で行く機会があったので、地元の友人と一緒に来店しました。店内は広くゆったりとできます。', 3, 52, 97, '2023-12-31 15:00:00', '2023-12-31 15:00:00'),
(438, '名古屋では有名な格安で焼肉食べ放題のお店。タイミングよく仕事で行く機会があったので、地元の友人と一緒に来店しました。店内は広くゆったりとできます。', 1, 49, 39, '2023-12-31 15:00:00', '2023-12-31 15:00:00'),
(439, '名古屋では有名な格安で焼肉食べ放題のお店。タイミングよく仕事で行く機会があったので、地元の友人と一緒に来店しました。店内は広くゆったりとできます。', 5, 88, 34, '2023-12-31 15:00:00', '2023-12-31 15:00:00'),
(440, '名古屋では有名な格安で焼肉食べ放題のお店。タイミングよく仕事で行く機会があったので、地元の友人と一緒に来店しました。店内は広くゆったりとできます。', 3, 54, 43, '2023-12-31 15:00:00', '2023-12-31 15:00:00'),
(441, '名古屋では有名な格安で焼肉食べ放題のお店。タイミングよく仕事で行く機会があったので、地元の友人と一緒に来店しました。店内は広くゆったりとできます。', 4, 56, 50, '2023-12-31 15:00:00', '2023-12-31 15:00:00'),
(442, '名古屋では有名な格安で焼肉食べ放題のお店。タイミングよく仕事で行く機会があったので、地元の友人と一緒に来店しました。店内は広くゆったりとできます。', 2, 36, 74, '2023-12-31 15:00:00', '2023-12-31 15:00:00'),
(443, '名古屋では有名な格安で焼肉食べ放題のお店。タイミングよく仕事で行く機会があったので、地元の友人と一緒に来店しました。店内は広くゆったりとできます。', 5, 78, 71, '2023-12-31 15:00:00', '2023-12-31 15:00:00'),
(444, '名古屋では有名な格安で焼肉食べ放題のお店。タイミングよく仕事で行く機会があったので、地元の友人と一緒に来店しました。店内は広くゆったりとできます。', 5, 56, 63, '2023-12-31 15:00:00', '2023-12-31 15:00:00'),
(445, '名古屋では有名な格安で焼肉食べ放題のお店。タイミングよく仕事で行く機会があったので、地元の友人と一緒に来店しました。店内は広くゆったりとできます。', 1, 87, 92, '2023-12-31 15:00:00', '2023-12-31 15:00:00'),
(446, '名古屋では有名な格安で焼肉食べ放題のお店。タイミングよく仕事で行く機会があったので、地元の友人と一緒に来店しました。店内は広くゆったりとできます。', 1, 50, 92, '2023-12-31 15:00:00', '2023-12-31 15:00:00'),
(447, '名古屋では有名な格安で焼肉食べ放題のお店。タイミングよく仕事で行く機会があったので、地元の友人と一緒に来店しました。店内は広くゆったりとできます。', 1, 99, 29, '2023-12-31 15:00:00', '2023-12-31 15:00:00'),
(448, '名古屋では有名な格安で焼肉食べ放題のお店。タイミングよく仕事で行く機会があったので、地元の友人と一緒に来店しました。店内は広くゆったりとできます。', 4, 62, 42, '2023-12-31 15:00:00', '2023-12-31 15:00:00'),
(449, '名古屋では有名な格安で焼肉食べ放題のお店。タイミングよく仕事で行く機会があったので、地元の友人と一緒に来店しました。店内は広くゆったりとできます。', 5, 93, 15, '2023-12-31 15:00:00', '2023-12-31 15:00:00'),
(450, '名古屋では有名な格安で焼肉食べ放題のお店。タイミングよく仕事で行く機会があったので、地元の友人と一緒に来店しました。店内は広くゆったりとできます。', 5, 78, 58, '2023-12-31 15:00:00', '2023-12-31 15:00:00'),
(451, '名古屋では有名な格安で焼肉食べ放題のお店。タイミングよく仕事で行く機会があったので、地元の友人と一緒に来店しました。店内は広くゆったりとできます。', 2, 7, 10, '2023-12-31 15:00:00', '2023-12-31 15:00:00'),
(452, '名古屋では有名な格安で焼肉食べ放題のお店。タイミングよく仕事で行く機会があったので、地元の友人と一緒に来店しました。店内は広くゆったりとできます。', 4, 83, 27, '2023-12-31 15:00:00', '2023-12-31 15:00:00'),
(453, '名古屋では有名な格安で焼肉食べ放題のお店。タイミングよく仕事で行く機会があったので、地元の友人と一緒に来店しました。店内は広くゆったりとできます。', 2, 38, 62, '2023-12-31 15:00:00', '2023-12-31 15:00:00'),
(454, '名古屋では有名な格安で焼肉食べ放題のお店。タイミングよく仕事で行く機会があったので、地元の友人と一緒に来店しました。店内は広くゆったりとできます。', 3, 71, 30, '2023-12-31 15:00:00', '2023-12-31 15:00:00'),
(455, '名古屋では有名な格安で焼肉食べ放題のお店。タイミングよく仕事で行く機会があったので、地元の友人と一緒に来店しました。店内は広くゆったりとできます。', 5, 20, 32, '2023-12-31 15:00:00', '2023-12-31 15:00:00'),
(456, '名古屋では有名な格安で焼肉食べ放題のお店。タイミングよく仕事で行く機会があったので、地元の友人と一緒に来店しました。店内は広くゆったりとできます。', 4, 27, 22, '2023-12-31 15:00:00', '2023-12-31 15:00:00'),
(457, '名古屋では有名な格安で焼肉食べ放題のお店。タイミングよく仕事で行く機会があったので、地元の友人と一緒に来店しました。店内は広くゆったりとできます。', 5, 16, 74, '2023-12-31 15:00:00', '2023-12-31 15:00:00'),
(458, '名古屋では有名な格安で焼肉食べ放題のお店。タイミングよく仕事で行く機会があったので、地元の友人と一緒に来店しました。店内は広くゆったりとできます。', 4, 22, 48, '2023-12-31 15:00:00', '2023-12-31 15:00:00'),
(459, '名古屋では有名な格安で焼肉食べ放題のお店。タイミングよく仕事で行く機会があったので、地元の友人と一緒に来店しました。店内は広くゆったりとできます。', 2, 11, 75, '2023-12-31 15:00:00', '2023-12-31 15:00:00'),
(460, '名古屋では有名な格安で焼肉食べ放題のお店。タイミングよく仕事で行く機会があったので、地元の友人と一緒に来店しました。店内は広くゆったりとできます。', 2, 69, 39, '2023-12-31 15:00:00', '2023-12-31 15:00:00'),
(461, '名古屋では有名な格安で焼肉食べ放題のお店。タイミングよく仕事で行く機会があったので、地元の友人と一緒に来店しました。店内は広くゆったりとできます。', 4, 88, 80, '2023-12-31 15:00:00', '2023-12-31 15:00:00'),
(462, '名古屋では有名な格安で焼肉食べ放題のお店。タイミングよく仕事で行く機会があったので、地元の友人と一緒に来店しました。店内は広くゆったりとできます。', 1, 79, 30, '2023-12-31 15:00:00', '2023-12-31 15:00:00'),
(463, '名古屋では有名な格安で焼肉食べ放題のお店。タイミングよく仕事で行く機会があったので、地元の友人と一緒に来店しました。店内は広くゆったりとできます。', 1, 69, 87, '2023-12-31 15:00:00', '2023-12-31 15:00:00'),
(464, '名古屋では有名な格安で焼肉食べ放題のお店。タイミングよく仕事で行く機会があったので、地元の友人と一緒に来店しました。店内は広くゆったりとできます。', 4, 95, 60, '2023-12-31 15:00:00', '2023-12-31 15:00:00'),
(465, '名古屋では有名な格安で焼肉食べ放題のお店。タイミングよく仕事で行く機会があったので、地元の友人と一緒に来店しました。店内は広くゆったりとできます。', 4, 28, 83, '2023-12-31 15:00:00', '2023-12-31 15:00:00'),
(466, '名古屋では有名な格安で焼肉食べ放題のお店。タイミングよく仕事で行く機会があったので、地元の友人と一緒に来店しました。店内は広くゆったりとできます。', 1, 72, 30, '2023-12-31 15:00:00', '2023-12-31 15:00:00'),
(467, '名古屋では有名な格安で焼肉食べ放題のお店。タイミングよく仕事で行く機会があったので、地元の友人と一緒に来店しました。店内は広くゆったりとできます。', 4, 10, 14, '2023-12-31 15:00:00', '2023-12-31 15:00:00'),
(468, '名古屋では有名な格安で焼肉食べ放題のお店。タイミングよく仕事で行く機会があったので、地元の友人と一緒に来店しました。店内は広くゆったりとできます。', 5, 34, 18, '2023-12-31 15:00:00', '2023-12-31 15:00:00'),
(469, '名古屋では有名な格安で焼肉食べ放題のお店。タイミングよく仕事で行く機会があったので、地元の友人と一緒に来店しました。店内は広くゆったりとできます。', 1, 82, 80, '2023-12-31 15:00:00', '2023-12-31 15:00:00'),
(470, '名古屋では有名な格安で焼肉食べ放題のお店。タイミングよく仕事で行く機会があったので、地元の友人と一緒に来店しました。店内は広くゆったりとできます。', 5, 8, 52, '2023-12-31 15:00:00', '2023-12-31 15:00:00'),
(471, '名古屋では有名な格安で焼肉食べ放題のお店。タイミングよく仕事で行く機会があったので、地元の友人と一緒に来店しました。店内は広くゆったりとできます。', 4, 74, 41, '2023-12-31 15:00:00', '2023-12-31 15:00:00'),
(472, '名古屋では有名な格安で焼肉食べ放題のお店。タイミングよく仕事で行く機会があったので、地元の友人と一緒に来店しました。店内は広くゆったりとできます。', 5, 69, 78, '2023-12-31 15:00:00', '2023-12-31 15:00:00'),
(473, '名古屋では有名な格安で焼肉食べ放題のお店。タイミングよく仕事で行く機会があったので、地元の友人と一緒に来店しました。店内は広くゆったりとできます。', 2, 92, 32, '2023-12-31 15:00:00', '2023-12-31 15:00:00'),
(474, '名古屋では有名な格安で焼肉食べ放題のお店。タイミングよく仕事で行く機会があったので、地元の友人と一緒に来店しました。店内は広くゆったりとできます。', 5, 74, 82, '2023-12-31 15:00:00', '2023-12-31 15:00:00'),
(475, '名古屋では有名な格安で焼肉食べ放題のお店。タイミングよく仕事で行く機会があったので、地元の友人と一緒に来店しました。店内は広くゆったりとできます。', 3, 55, 72, '2023-12-31 15:00:00', '2023-12-31 15:00:00'),
(476, '名古屋では有名な格安で焼肉食べ放題のお店。タイミングよく仕事で行く機会があったので、地元の友人と一緒に来店しました。店内は広くゆったりとできます。', 5, 79, 63, '2023-12-31 15:00:00', '2023-12-31 15:00:00'),
(477, '名古屋では有名な格安で焼肉食べ放題のお店。タイミングよく仕事で行く機会があったので、地元の友人と一緒に来店しました。店内は広くゆったりとできます。', 3, 29, 11, '2023-12-31 15:00:00', '2023-12-31 15:00:00'),
(478, '名古屋では有名な格安で焼肉食べ放題のお店。タイミングよく仕事で行く機会があったので、地元の友人と一緒に来店しました。店内は広くゆったりとできます。', 1, 82, 67, '2023-12-31 15:00:00', '2023-12-31 15:00:00'),
(479, '名古屋では有名な格安で焼肉食べ放題のお店。タイミングよく仕事で行く機会があったので、地元の友人と一緒に来店しました。店内は広くゆったりとできます。', 1, 50, 36, '2023-12-31 15:00:00', '2023-12-31 15:00:00'),
(480, '名古屋では有名な格安で焼肉食べ放題のお店。タイミングよく仕事で行く機会があったので、地元の友人と一緒に来店しました。店内は広くゆったりとできます。', 1, 96, 86, '2023-12-31 15:00:00', '2023-12-31 15:00:00'),
(481, '名古屋では有名な格安で焼肉食べ放題のお店。タイミングよく仕事で行く機会があったので、地元の友人と一緒に来店しました。店内は広くゆったりとできます。', 1, 59, 98, '2023-12-31 15:00:00', '2023-12-31 15:00:00'),
(482, '名古屋では有名な格安で焼肉食べ放題のお店。タイミングよく仕事で行く機会があったので、地元の友人と一緒に来店しました。店内は広くゆったりとできます。', 1, 65, 8, '2023-12-31 15:00:00', '2023-12-31 15:00:00'),
(483, '名古屋では有名な格安で焼肉食べ放題のお店。タイミングよく仕事で行く機会があったので、地元の友人と一緒に来店しました。店内は広くゆったりとできます。', 5, 8, 1, '2023-12-31 15:00:00', '2023-12-31 15:00:00'),
(484, '名古屋では有名な格安で焼肉食べ放題のお店。タイミングよく仕事で行く機会があったので、地元の友人と一緒に来店しました。店内は広くゆったりとできます。', 5, 100, 57, '2023-12-31 15:00:00', '2023-12-31 15:00:00'),
(485, '名古屋では有名な格安で焼肉食べ放題のお店。タイミングよく仕事で行く機会があったので、地元の友人と一緒に来店しました。店内は広くゆったりとできます。', 1, 11, 58, '2023-12-31 15:00:00', '2023-12-31 15:00:00'),
(486, '名古屋では有名な格安で焼肉食べ放題のお店。タイミングよく仕事で行く機会があったので、地元の友人と一緒に来店しました。店内は広くゆったりとできます。', 1, 23, 90, '2023-12-31 15:00:00', '2023-12-31 15:00:00'),
(487, '名古屋では有名な格安で焼肉食べ放題のお店。タイミングよく仕事で行く機会があったので、地元の友人と一緒に来店しました。店内は広くゆったりとできます。', 5, 91, 26, '2023-12-31 15:00:00', '2023-12-31 15:00:00'),
(488, '名古屋では有名な格安で焼肉食べ放題のお店。タイミングよく仕事で行く機会があったので、地元の友人と一緒に来店しました。店内は広くゆったりとできます。', 2, 44, 73, '2023-12-31 15:00:00', '2023-12-31 15:00:00'),
(489, '名古屋では有名な格安で焼肉食べ放題のお店。タイミングよく仕事で行く機会があったので、地元の友人と一緒に来店しました。店内は広くゆったりとできます。', 5, 74, 78, '2023-12-31 15:00:00', '2023-12-31 15:00:00'),
(490, '名古屋では有名な格安で焼肉食べ放題のお店。タイミングよく仕事で行く機会があったので、地元の友人と一緒に来店しました。店内は広くゆったりとできます。', 5, 57, 73, '2023-12-31 15:00:00', '2023-12-31 15:00:00'),
(491, '名古屋では有名な格安で焼肉食べ放題のお店。タイミングよく仕事で行く機会があったので、地元の友人と一緒に来店しました。店内は広くゆったりとできます。', 3, 80, 62, '2023-12-31 15:00:00', '2023-12-31 15:00:00'),
(492, '名古屋では有名な格安で焼肉食べ放題のお店。タイミングよく仕事で行く機会があったので、地元の友人と一緒に来店しました。店内は広くゆったりとできます。', 3, 9, 25, '2023-12-31 15:00:00', '2023-12-31 15:00:00'),
(493, '名古屋では有名な格安で焼肉食べ放題のお店。タイミングよく仕事で行く機会があったので、地元の友人と一緒に来店しました。店内は広くゆったりとできます。', 1, 34, 84, '2023-12-31 15:00:00', '2023-12-31 15:00:00'),
(494, '名古屋では有名な格安で焼肉食べ放題のお店。タイミングよく仕事で行く機会があったので、地元の友人と一緒に来店しました。店内は広くゆったりとできます。', 1, 55, 24, '2023-12-31 15:00:00', '2023-12-31 15:00:00'),
(495, '名古屋では有名な格安で焼肉食べ放題のお店。タイミングよく仕事で行く機会があったので、地元の友人と一緒に来店しました。店内は広くゆったりとできます。', 2, 55, 60, '2023-12-31 15:00:00', '2023-12-31 15:00:00'),
(496, '名古屋では有名な格安で焼肉食べ放題のお店。タイミングよく仕事で行く機会があったので、地元の友人と一緒に来店しました。店内は広くゆったりとできます。', 3, 98, 45, '2023-12-31 15:00:00', '2023-12-31 15:00:00'),
(497, '名古屋では有名な格安で焼肉食べ放題のお店。タイミングよく仕事で行く機会があったので、地元の友人と一緒に来店しました。店内は広くゆったりとできます。', 1, 15, 27, '2023-12-31 15:00:00', '2023-12-31 15:00:00'),
(498, '名古屋では有名な格安で焼肉食べ放題のお店。タイミングよく仕事で行く機会があったので、地元の友人と一緒に来店しました。店内は広くゆったりとできます。', 4, 20, 5, '2023-12-31 15:00:00', '2023-12-31 15:00:00'),
(499, '名古屋では有名な格安で焼肉食べ放題のお店。タイミングよく仕事で行く機会があったので、地元の友人と一緒に来店しました。店内は広くゆったりとできます。', 3, 74, 52, '2023-12-31 15:00:00', '2023-12-31 15:00:00'),
(500, '名古屋では有名な格安で焼肉食べ放題のお店。タイミングよく仕事で行く機会があったので、地元の友人と一緒に来店しました。店内は広くゆったりとできます。', 1, 76, 36, '2023-12-31 15:00:00', '2023-12-31 15:00:00');

-- --------------------------------------------------------

--
-- テーブルの構造 `subscriptions`
--

CREATE TABLE `subscriptions` (
  `id` bigint(20) UNSIGNED NOT NULL,
  `user_id` bigint(20) UNSIGNED NOT NULL,
  `type` varchar(255) NOT NULL,
  `stripe_id` varchar(255) NOT NULL,
  `stripe_status` varchar(255) NOT NULL,
  `stripe_price` varchar(255) DEFAULT NULL,
  `quantity` int(11) DEFAULT NULL,
  `trial_ends_at` timestamp NULL DEFAULT NULL,
  `ends_at` timestamp NULL DEFAULT NULL,
  `created_at` timestamp NULL DEFAULT NULL,
  `updated_at` timestamp NULL DEFAULT NULL
) ENGINE=InnoDB DEFAULT CHARSET=utf8mb4 COLLATE=utf8mb4_unicode_ci;

-- --------------------------------------------------------

--
-- テーブルの構造 `subscription_items`
--

CREATE TABLE `subscription_items` (
  `id` bigint(20) UNSIGNED NOT NULL,
  `subscription_id` bigint(20) UNSIGNED NOT NULL,
  `stripe_id` varchar(255) NOT NULL,
  `stripe_product` varchar(255) NOT NULL,
  `stripe_price` varchar(255) NOT NULL,
  `quantity` int(11) DEFAULT NULL,
  `created_at` timestamp NULL DEFAULT NULL,
  `updated_at` timestamp NULL DEFAULT NULL
) ENGINE=InnoDB DEFAULT CHARSET=utf8mb4 COLLATE=utf8mb4_unicode_ci;

-- --------------------------------------------------------

--
-- テーブルの構造 `terms`
--

CREATE TABLE `terms` (
  `id` bigint(20) UNSIGNED NOT NULL,
  `content` text NOT NULL,
  `created_at` timestamp NULL DEFAULT NULL,
  `updated_at` timestamp NULL DEFAULT NULL
) ENGINE=InnoDB DEFAULT CHARSET=utf8mb4 COLLATE=utf8mb4_unicode_ci;

--
-- テーブルのデータのダンプ `terms`
--

INSERT INTO `terms` (`id`, `content`, `created_at`, `updated_at`) VALUES
(1, '<p>この利用規約（以下、「本規約」といいます。）は、NAGOYAMESHI株式会社（以下、「当社」といいます。）がこのウェブサイト上で提供するサービス（以下、「本サービス」といいます。）の利用条件を定めるものです。登録ユーザーの皆さま（以下、「ユーザー」といいます。）には、本規約に従って、本サービスをご利用いただきます。</p>\r\n\r\n<h2>第1条（適用）</h2>\r\n<ol><li>本規約は、ユーザーと当社との間の本サービスの利用に関わる一切の関係に適用されるものとします。</li>\r\n<li>当社は本サービスに関し、本規約のほか、ご利用にあたってのルール等、各種の定め（以下、「個別規定」といいます。）をすることがあります。これら個別規定はその名称のいかんに関わらず、本規約の一部を構成するものとします。</li>\r\n<li>本規約の規定が前条の個別規定の規定と矛盾する場合には、個別規定において特段の定めなき限り、個別規定の規定が優先されるものとします。</li></ol>\r\n\r\n<h2>第2条（利用登録）</h2>\r\n<ol><li>本サービスにおいては、登録希望者が本規約に同意の上、当社の定める方法によって利用登録を申請し、当社がこれを承認することによって、利用登録が完了するものとします。</li>\r\n<li>当社は、利用登録の申請者に以下の事由があると判断した場合、利用登録の申請を承認しないことがあり、その理由については一切の開示義務を負わないものとします。</li>\r\n<ol><li>利用登録の申請に際して虚偽の事項を届け出た場合</li>\r\n<li>本規約に違反したことがある者からの申請である場合</li>\r\n<li>その他、当社が利用登録を相当でないと判断した場合</li></ol></ol>\r\n\r\n<h2>第3条（ユーザーIDおよびパスワードの管理）</h2>\r\n<ol><li>ユーザーは、自己の責任において、本サービスのユーザーIDおよびパスワードを適切に管理するものとします。</li>\r\n<li>ユーザーは、いかなる場合にも、ユーザーIDおよびパスワードを第三者に譲渡または貸与し、もしくは第三者と共用することはできません。当社は、ユーザーIDとパスワードの組み合わせが登録情報と一致してログインされた場合には、そのユーザーIDを登録しているユーザー自身による利用とみなします。</li>\r\n<li>ユーザーID及びパスワードが第三者によって使用されたことによって生じた損害は、当社に故意又は重大な過失がある場合を除き、当社は一切の責任を負わないものとします。</li></ol>\r\n\r\n<h2>第4条（利用料金および支払方法）</h2>\r\n<ol><li>ユーザーは、本サービスの有料部分の対価として、当社が別途定め、本ウェブサイトに表示する利用料金を、当社が指定する方法により支払うものとします。</li>\r\n<li>ユーザーが利用料金の支払を遅滞した場合には、ユーザーは年14．6％の割合による遅延損害金を支払うものとします。</li></ol>\r\n\r\n<h2>第5条（禁止事項）</h2>\r\n<p>ユーザーは、本サービスの利用にあたり、以下の行為をしてはなりません。</p>\r\n\r\n<ol><li>法令または公序良俗に違反する行為</li>\r\n<li>犯罪行為に関連する行為</li>\r\n<li>本サービスの内容等、本サービスに含まれる著作権、商標権ほか知的財産権を侵害する行為</li>\r\n<li>当社、ほかのユーザー、またはその他第三者のサーバーまたはネットワークの機能を破壊したり、妨害したりする行為</li>\r\n<li>本サービスによって得られた情報を商業的に利用する行為</li>\r\n<li>当社のサービスの運営を妨害するおそれのある行為</li>\r\n<li>不正アクセスをし、またはこれを試みる行為</li>\r\n<li>他のユーザーに関する個人情報等を収集または蓄積する行為</li>\r\n<li>不正な目的を持って本サービスを利用する行為</li>\r\n<li>本サービスの他のユーザーまたはその他の第三者に不利益、損害、不快感を与える行為</li>\r\n<li>他のユーザーに成りすます行為</li>\r\n<li>当社が許諾しない本サービス上での宣伝、広告、勧誘、または営業行為</li>\r\n<li>面識のない異性との出会いを目的とした行為</li>\r\n<li>当社のサービスに関連して、反社会的勢力に対して直接または間接に利益を供与する行為</li>\r\n<li>その他、当社が不適切と判断する行為</li></ol>\r\n\r\n<h2>第6条（本サービスの提供の停止等）</h2>\r\n<ol><li>当社は、以下のいずれかの事由があると判断した場合、ユーザーに事前に通知することなく本サービスの全部または一部の提供を停止または中断することができるものとします。</li>\r\n<ol><li>本サービスにかかるコンピュータシステムの保守点検または更新を行う場合</li>\r\n<li>地震、落雷、火災、停電または天災などの不可抗力により、本サービスの提供が困難となった場合</li>\r\n<li>コンピュータまたは通信回線等が事故により停止した場合</li>\r\n<li>その他、当社が本サービスの提供が困難と判断した場合</li></ol>\r\n<li>当社は、本サービスの提供の停止または中断により、ユーザーまたは第三者が被ったいかなる不利益または損害についても、一切の責任を負わないものとします。</li></ol>\r\n\r\n<h2>第7条（利用制限および登録抹消）</h2>\r\n<ol><li>当社は、ユーザーが以下のいずれかに該当する場合には、事前の通知なく、ユーザーに対して、本サービスの全部もしくは一部の利用を制限し、またはユーザーとしての登録を抹消することができるものとします。</li>\r\n<ol><li>本規約のいずれかの条項に違反した場合</li>\r\n<li>登録事項に虚偽の事実があることが判明した場合</li>\r\n<li>料金等の支払債務の不履行があった場合</li>\r\n<li>当社からの連絡に対し、一定期間返答がない場合</li>\r\n<li>本サービスについて、最終の利用から一定期間利用がない場合</li>\r\n<li>その他、当社が本サービスの利用を適当でないと判断した場合</li></ol>\r\n<li>当社は、本条に基づき当社が行った行為によりユーザーに生じた損害について、一切の責任を負いません。</li></ol>\r\n\r\n<h2>第8条（退会）</h2>\r\n<p>ユーザーは、当社の定める退会手続により、本サービスから退会できるものとします。</p>\r\n\r\n<h2>第9条（保証の否認および免責事項）</h2>\r\n<ol><li>当社は、本サービスに事実上または法律上の瑕疵（安全性、信頼性、正確性、完全性、有効性、特定の目的への適合性、セキュリティなどに関する欠陥、エラーやバグ、権利侵害などを含みます。）がないことを明示的にも黙示的にも保証しておりません。</li>\r\n<li>当社は、本サービスに起因してユーザーに生じたあらゆる損害について、当社の故意又は重過失による場合を除き、一切の責任を負いません。ただし、本サービスに関する当社とユーザーとの間の契約（本規約を含みます。）が消費者契約法に定める消費者契約となる場合、この免責規定は適用されません。</li>\r\n<li>前項ただし書に定める場合であっても、当社は、当社の過失（重過失を除きます。）による債務不履行または不法行為によりユーザーに生じた損害のうち特別な事情から生じた損害（当社またはユーザーが損害発生につき予見し、または予見し得た場合を含みます。）について一切の責任を負いません。また、当社の過失（重過失を除きます。）による債務不履行または不法行為によりユーザーに生じた損害の賠償は、ユーザーから当該損害が発生した月に受領した利用料の額を上限とします。</li>\r\n<li>当社は、本サービスに関して、ユーザーと他のユーザーまたは第三者との間において生じた取引、連絡または紛争等について一切責任を負いません。</li></ol>\r\n\r\n<h2>第10条（サービス内容の変更等）</h2>\r\n<p>当社は、ユーザーへの事前の告知をもって、本サービスの内容を変更、追加または廃止することがあり、ユーザーはこれを承諾するものとします。</p>\r\n\r\n<h2>第11条（利用規約の変更）</h2>\r\n<ol><li>当社は以下の場合には、ユーザーの個別の同意を要せず、本規約を変更することができるものとします。</li>\r\n<ol><li>本規約の変更がユーザーの一般の利益に適合するとき。</li>\r\n<li>本規約の変更が本サービス利用契約の目的に反せず、かつ、変更の必要性、変更後の内容の相当性その他の変更に係る事情に照らして合理的なものであるとき。</li></ol>\r\n<li>当社はユーザーに対し、前項による本規約の変更にあたり、事前に、本規約を変更する旨及び変更後の本規約の内容並びにその効力発生時期を通知します。</li></ol>\r\n\r\n<h2>第12条（個人情報の取扱い）</h2>\r\n<p>当社は、本サービスの利用によって取得する個人情報については、当社「プライバシーポリシー」に従い適切に取り扱うものとします。</p>\r\n\r\n<h2>第13条（通知または連絡）</h2>\r\n<p>ユーザーと当社との間の通知または連絡は、当社の定める方法によって行うものとします。当社は、ユーザーから、当社が別途定める方式に従った変更届け出がない限り、現在登録されている連絡先が有効なものとみなして当該連絡先へ通知または連絡を行い、これらは、発信時にユーザーへ到達したものとみなします。</p>\r\n\r\n<h2>第14条（権利義務の譲渡の禁止）</h2>\r\n<p>ユーザーは、当社の書面による事前の承諾なく、利用契約上の地位または本規約に基づく権利もしくは義務を第三者に譲渡し、または担保に供することはできません。</p>\r\n\r\n<h2>第15条（準拠法・裁判管轄）</h2>\r\n<ol><li>本規約の解釈にあたっては、日本法を準拠法とします。</li>\r\n<li>本サービスに関して紛争が生じた場合には、当社の本店所在地を管轄する裁判所を専属的合意管轄とします。</li></ol>', '2023-12-31 15:00:00', '2023-12-31 15:00:00');

-- --------------------------------------------------------

--
-- テーブルの構造 `users`
--

CREATE TABLE `users` (
  `id` bigint(20) UNSIGNED NOT NULL,
  `name` varchar(255) NOT NULL,
  `kana` varchar(255) NOT NULL,
  `email` varchar(255) NOT NULL,
  `email_verified_at` timestamp NULL DEFAULT NULL,
  `password` varchar(255) NOT NULL,
  `postal_code` varchar(255) NOT NULL,
  `address` varchar(255) NOT NULL,
  `phone_number` varchar(255) NOT NULL,
  `birthday` date DEFAULT NULL,
  `occupation` varchar(255) DEFAULT NULL,
  `remember_token` varchar(100) DEFAULT NULL,
  `created_at` timestamp NULL DEFAULT NULL,
  `updated_at` timestamp NULL DEFAULT NULL,
  `stripe_id` varchar(255) DEFAULT NULL,
  `pm_type` varchar(255) DEFAULT NULL,
  `pm_last_four` varchar(4) DEFAULT NULL,
  `trial_ends_at` timestamp NULL DEFAULT NULL
) ENGINE=InnoDB DEFAULT CHARSET=utf8mb4 COLLATE=utf8mb4_unicode_ci;

--
-- テーブルのデータのダンプ `users`
--

INSERT INTO `users` (`id`, `name`, `kana`, `email`, `email_verified_at`, `password`, `postal_code`, `address`, `phone_number`, `birthday`, `occupation`, `remember_token`, `created_at`, `updated_at`, `stripe_id`, `pm_type`, `pm_last_four`, `trial_ends_at`) VALUES
(1, '侍 太郎', 'サムライ タロウ', 'user@example.com', '2023-12-25 10:55:41', '$2y$12$636XmEolBiwDAXkVXU5tFuyioZfdOg11UKTc/YcCKuExJTn4.M9TS', '0000000', '東京都 港区 マンション', '09012345678', '2000-04-01', 'エンジニア', 'xWwZ2p1BjHmDkmF7Vv0y4ElSTuazlplQXfQWgDvLxHmSNvchG2wUuBzPvLaN', '2023-12-25 10:55:19', '2024-01-31 02:02:47', NULL, NULL, NULL, NULL),
(2, '青山 裕美子', 'サイトウ ユミコ', 'anakajima@example.net', '2023-12-25 13:24:38', '$2y$12$bDou8ahYZPvubk0lwWyvUOVlRyOXhUOXYGHQN8o8wsBru/mLCk5dW', '6373597', '8326241  福井県原田市中央区藤本町加藤3-3-3 コーポ斉藤103号', '00179-8-7836', NULL, NULL, 'Di1IWhKtIR', '2023-12-25 13:24:38', '2023-12-25 13:24:38', NULL, NULL, NULL, NULL),
(3, '斉藤 香織', 'ハマダ リョウヘイ', 'okato@example.org', '2023-12-25 13:24:38', '$2y$12$bDou8ahYZPvubk0lwWyvUOVlRyOXhUOXYGHQN8o8wsBru/mLCk5dW', '3062200', '9352976  福島県若松市南区吉田町山口1-8-10 ハイツ原田110号', '0600-754-335', NULL, NULL, 'rAkRWXI7Nc', '2023-12-25 13:24:38', '2023-12-25 13:24:38', NULL, NULL, NULL, NULL),
(4, '石田 康弘', 'ハマダ カナ', 'akijima@example.com', '2023-12-25 13:24:38', '$2y$12$bDou8ahYZPvubk0lwWyvUOVlRyOXhUOXYGHQN8o8wsBru/mLCk5dW', '9628396', '4472520  福島県木村市東区田中町中島1-6-2', '080-2927-0523', NULL, NULL, 'PHQBcVEnOJ', '2023-12-25 13:24:38', '2023-12-25 13:24:38', NULL, NULL, NULL, NULL),
(5, '笹田 里佳', 'キジマ ハルカ', 'satomi.sasada@example.net', '2023-12-25 13:24:38', '$2y$12$bDou8ahYZPvubk0lwWyvUOVlRyOXhUOXYGHQN8o8wsBru/mLCk5dW', '9357858', '4929169  千葉県若松市南区佐々木町小林4-10-10 コーポ渚105号', '080-4896-6316', NULL, NULL, 'lxlhrKwDBB', '2023-12-25 13:24:38', '2023-12-25 13:24:38', NULL, NULL, NULL, NULL),
(6, '山田 さゆり', 'ヨシダ ユウタ', 'tsubasa.kato@example.net', '2023-12-25 13:24:38', '$2y$12$bDou8ahYZPvubk0lwWyvUOVlRyOXhUOXYGHQN8o8wsBru/mLCk5dW', '4566954', '8568850  栃木県津田市南区渚町近藤1-9-5 ハイツ斉藤110号', '06716-7-9941', NULL, NULL, '6wdUWkJ28e', '2023-12-25 13:24:38', '2023-12-25 13:24:38', NULL, NULL, NULL, NULL),
(7, '鈴木 翔太', 'イトウ ヒロシ', 'ayoshida@example.org', '2023-12-25 13:24:38', '$2y$12$bDou8ahYZPvubk0lwWyvUOVlRyOXhUOXYGHQN8o8wsBru/mLCk5dW', '5301584', '4916110  和歌山県中村市中央区宇野町田中1-6-7', '074-936-1550', NULL, NULL, 'ETBqnftxA2', '2023-12-25 13:24:38', '2023-12-25 13:24:38', NULL, NULL, NULL, NULL),
(8, '松本 零', 'ハラダ リョウヘイ', 'sayuri.harada@example.com', '2023-12-25 13:24:38', '$2y$12$bDou8ahYZPvubk0lwWyvUOVlRyOXhUOXYGHQN8o8wsBru/mLCk5dW', '3227236', '9024947  兵庫県宇野市西区近藤町青田4-4-7 コーポ吉本102号', '00-7629-4450', NULL, NULL, 'LEyyMT42Jo', '2023-12-25 13:24:38', '2023-12-25 13:24:38', NULL, NULL, NULL, NULL),
(9, '喜嶋 稔', 'ツダ タクマ', 'ogaki.yuki@example.com', '2023-12-25 13:24:38', '$2y$12$bDou8ahYZPvubk0lwWyvUOVlRyOXhUOXYGHQN8o8wsBru/mLCk5dW', '5208649', '6063828  京都府青田市西区村山町佐々木7-3-8', '0640-344-348', NULL, NULL, 'RalOBulax2', '2023-12-25 13:24:38', '2023-12-25 13:24:38', NULL, NULL, NULL, NULL),
(10, '木村 七夏', 'アオヤマ オサム', 'saito.jun@example.net', '2023-12-25 13:24:38', '$2y$12$bDou8ahYZPvubk0lwWyvUOVlRyOXhUOXYGHQN8o8wsBru/mLCk5dW', '2495480', '5456336  福島県井高市南区津田町青山6-4-5 コーポ笹田101号', '0054-37-8771', NULL, NULL, 'ceS9GUaqaR', '2023-12-25 13:24:38', '2023-12-25 13:24:38', NULL, NULL, NULL, NULL),
(11, '大垣 健一', 'キリヤマ ヤスヒロ', 'sasada.akira@example.com', '2023-12-25 13:24:38', '$2y$12$bDou8ahYZPvubk0lwWyvUOVlRyOXhUOXYGHQN8o8wsBru/mLCk5dW', '3689920', '6075240  秋田県鈴木市北区高橋町渡辺10-9-2', '091-044-0964', NULL, NULL, '3hZ5b8yAOD', '2023-12-25 13:24:38', '2023-12-25 13:24:38', NULL, NULL, NULL, NULL),
(12, '坂本 美加子', 'ヤマモト カオリ', 'jwakamatsu@example.org', '2023-12-25 13:24:38', '$2y$12$bDou8ahYZPvubk0lwWyvUOVlRyOXhUOXYGHQN8o8wsBru/mLCk5dW', '3636513', '9693447  岐阜県中津川市東区伊藤町吉本9-9-8 コーポ村山110号', '098-036-2688', NULL, NULL, 'gmKyGFlUO7', '2023-12-25 13:24:38', '2023-12-25 13:24:38', NULL, NULL, NULL, NULL),
(13, '喜嶋 舞', 'ヤマギシ ショウタ', 'kijima.kenichi@example.org', '2023-12-25 13:24:38', '$2y$12$bDou8ahYZPvubk0lwWyvUOVlRyOXhUOXYGHQN8o8wsBru/mLCk5dW', '4346733', '8033061  兵庫県小泉市西区吉本町吉本6-7-3', '06619-9-4496', NULL, NULL, 'F6919GLp4C', '2023-12-25 13:24:38', '2023-12-25 13:24:38', NULL, NULL, NULL, NULL),
(14, '鈴木 智也', 'ヨシダ カナ', 'rika.idaka@example.com', '2023-12-25 13:24:38', '$2y$12$bDou8ahYZPvubk0lwWyvUOVlRyOXhUOXYGHQN8o8wsBru/mLCk5dW', '6404799', '9453355  佐賀県原田市中央区杉山町渚8-3-8', '0680-087-798', NULL, NULL, 'f58g0outUt', '2023-12-25 13:24:38', '2023-12-25 13:24:38', NULL, NULL, NULL, NULL),
(15, '藤本 直人', 'スギヤマ アスカ', 'kimura.yui@example.org', '2023-12-25 13:24:38', '$2y$12$bDou8ahYZPvubk0lwWyvUOVlRyOXhUOXYGHQN8o8wsBru/mLCk5dW', '7726551', '9497909  神奈川県原田市南区笹田町田辺6-10-7', '090-9991-5480', NULL, NULL, 'PtGXCd6OH4', '2023-12-25 13:24:38', '2023-12-25 13:24:38', NULL, NULL, NULL, NULL),
(16, '佐藤 真綾', 'キムラ ユウタ', 'iuno@example.com', '2023-12-25 13:24:38', '$2y$12$bDou8ahYZPvubk0lwWyvUOVlRyOXhUOXYGHQN8o8wsBru/mLCk5dW', '3517257', '3897234  山口県伊藤市南区吉本町加納2-5-4', '047-849-8054', NULL, NULL, 'JHmTICjhIT', '2023-12-25 13:24:38', '2023-12-25 13:24:38', NULL, NULL, NULL, NULL),
(17, '大垣 修平', 'ササキ マイ', 'yasuhiro03@example.net', '2023-12-25 13:24:38', '$2y$12$bDou8ahYZPvubk0lwWyvUOVlRyOXhUOXYGHQN8o8wsBru/mLCk5dW', '8186953', '1134414  長崎県工藤市北区工藤町山岸7-10-2 コーポ浜田109号', '090-8692-4509', NULL, NULL, '4QBJdeAfCJ', '2023-12-25 13:24:38', '2023-12-25 13:24:38', NULL, NULL, NULL, NULL),
(18, '杉山 充', 'タナベ シュウヘイ', 'naoko43@example.org', '2023-12-25 13:24:38', '$2y$12$bDou8ahYZPvubk0lwWyvUOVlRyOXhUOXYGHQN8o8wsBru/mLCk5dW', '7424682', '6106037  宮崎県廣川市中央区山本町宇野6-7-5', '00-3530-0296', NULL, NULL, 'Q7nlYtc1TT', '2023-12-25 13:24:38', '2023-12-25 13:24:38', NULL, NULL, NULL, NULL),
(19, '中津川 陽一', 'スギヤマ ハナコ', 'minoru.kijima@example.net', '2023-12-25 13:24:38', '$2y$12$bDou8ahYZPvubk0lwWyvUOVlRyOXhUOXYGHQN8o8wsBru/mLCk5dW', '2494621', '4205402  愛知県吉本市南区山岸町加納10-4-8 コーポ青山109号', '01321-6-3352', NULL, NULL, 'C7yRQFkTvG', '2023-12-25 13:24:38', '2023-12-25 13:24:38', NULL, NULL, NULL, NULL),
(20, '山口 太郎', 'タカハシ ナナミ', 'whamada@example.com', '2023-12-25 13:24:38', '$2y$12$bDou8ahYZPvubk0lwWyvUOVlRyOXhUOXYGHQN8o8wsBru/mLCk5dW', '9611918', '3103451  広島県吉本市中央区吉田町江古田6-9-6', '097-430-7004', NULL, NULL, 'mmxRoSDnZq', '2023-12-25 13:24:38', '2023-12-25 13:24:38', NULL, NULL, NULL, NULL),
(21, '加藤 陽子', 'ヤマモト キョウスケ', 'bmiyake@example.net', '2023-12-25 13:24:38', '$2y$12$bDou8ahYZPvubk0lwWyvUOVlRyOXhUOXYGHQN8o8wsBru/mLCk5dW', '8084180', '4052777  鹿児島県木村市中央区石田町坂本2-3-3 コーポ渚102号', '0090-207-730', NULL, NULL, 'ab9YcY4Cne', '2023-12-25 13:24:39', '2023-12-25 13:24:39', NULL, NULL, NULL, NULL),
(22, '坂本 裕美子', 'ヒロカワ チヨ', 'youichi82@example.com', '2023-12-25 13:24:38', '$2y$12$bDou8ahYZPvubk0lwWyvUOVlRyOXhUOXYGHQN8o8wsBru/mLCk5dW', '9814928', '8323613  栃木県若松市南区村山町吉本1-2-6', '07-7323-2979', NULL, NULL, 'UJ0zkrL4g8', '2023-12-25 13:24:39', '2023-12-25 13:24:39', NULL, NULL, NULL, NULL),
(23, '山口 さゆり', 'コイズミ ユイ', 'okijima@example.org', '2023-12-25 13:24:38', '$2y$12$bDou8ahYZPvubk0lwWyvUOVlRyOXhUOXYGHQN8o8wsBru/mLCk5dW', '4188298', '7002816  富山県喜嶋市東区大垣町吉本1-10-2 コーポ笹田110号', '0832-42-4551', NULL, NULL, 'k9MSlMoT0i', '2023-12-25 13:24:39', '2023-12-25 13:24:39', NULL, NULL, NULL, NULL),
(24, '杉山 香織', 'ヒロカワ マイ', 'ksasada@example.com', '2023-12-25 13:24:38', '$2y$12$bDou8ahYZPvubk0lwWyvUOVlRyOXhUOXYGHQN8o8wsBru/mLCk5dW', '7487793', '9587180  岐阜県原田市中央区小林町山本8-5-8', '070-796-0316', NULL, NULL, 'VsWGyKr0J5', '2023-12-25 13:24:39', '2023-12-25 13:24:39', NULL, NULL, NULL, NULL),
(25, '大垣 幹', 'キムラ タロウ', 'xuno@example.org', '2023-12-25 13:24:38', '$2y$12$bDou8ahYZPvubk0lwWyvUOVlRyOXhUOXYGHQN8o8wsBru/mLCk5dW', '9578683', '8415022  和歌山県田辺市中央区伊藤町高橋7-2-1', '08350-3-4670', NULL, NULL, '5QpZsELFRe', '2023-12-25 13:24:39', '2023-12-25 13:24:39', NULL, NULL, NULL, NULL),
(26, '青田 花子', 'ノムラ ソウタロウ', 'miki.yamaguchi@example.org', '2023-12-25 13:24:38', '$2y$12$bDou8ahYZPvubk0lwWyvUOVlRyOXhUOXYGHQN8o8wsBru/mLCk5dW', '3258649', '1025130  熊本県山本市南区宮沢町田中5-10-10 ハイツ山田103号', '0950-675-487', NULL, NULL, 'irYSqFDpJn', '2023-12-25 13:24:39', '2023-12-25 13:24:39', NULL, NULL, NULL, NULL),
(27, '浜田 充', 'タカハシ モモコ', 'yoshimoto.yui@example.com', '2023-12-25 13:24:38', '$2y$12$bDou8ahYZPvubk0lwWyvUOVlRyOXhUOXYGHQN8o8wsBru/mLCk5dW', '4571769', '2662324  滋賀県浜田市西区宮沢町村山8-9-3 ハイツ村山102号', '080-8343-8948', NULL, NULL, 'HECs8hdDQh', '2023-12-25 13:24:39', '2023-12-25 13:24:39', NULL, NULL, NULL, NULL),
(28, '小泉 浩', 'イダカ チヨ', 'murayama.nanami@example.com', '2023-12-25 13:24:38', '$2y$12$bDou8ahYZPvubk0lwWyvUOVlRyOXhUOXYGHQN8o8wsBru/mLCk5dW', '1331700', '5428934  岩手県野村市南区佐藤町高橋2-9-5', '090-2806-1731', NULL, NULL, 'nDMTVYGS2n', '2023-12-25 13:24:39', '2023-12-25 13:24:39', NULL, NULL, NULL, NULL),
(29, '浜田 康弘', 'キジマ ヨウコ', 'saito.rei@example.org', '2023-12-25 13:24:38', '$2y$12$bDou8ahYZPvubk0lwWyvUOVlRyOXhUOXYGHQN8o8wsBru/mLCk5dW', '1998119', '4871141  奈良県桐山市東区小林町藤本6-8-2 ハイツ津田106号', '00895-8-4843', NULL, NULL, 'nlIJbC7fgR', '2023-12-25 13:24:39', '2023-12-25 13:24:39', NULL, NULL, NULL, NULL),
(30, '野村 千代', 'サトウ ジュン', 'sakamoto.sayuri@example.com', '2023-12-25 13:24:38', '$2y$12$bDou8ahYZPvubk0lwWyvUOVlRyOXhUOXYGHQN8o8wsBru/mLCk5dW', '5191760', '7239352  福井県吉本市西区吉本町中島3-3-5', '00-0414-7978', NULL, NULL, 'iYgHcLJKkU', '2023-12-25 13:24:39', '2023-12-25 13:24:39', NULL, NULL, NULL, NULL),
(31, '渡辺 結衣', 'ナカツガワ ヒロシ', 'osamu.kijima@example.net', '2023-12-25 13:24:38', '$2y$12$bDou8ahYZPvubk0lwWyvUOVlRyOXhUOXYGHQN8o8wsBru/mLCk5dW', '2272623', '1855536  宮城県津田市中央区中津川町佐藤6-6-2', '0230-845-787', NULL, NULL, 'CUbMRc4gSh', '2023-12-25 13:24:39', '2023-12-25 13:24:39', NULL, NULL, NULL, NULL),
(32, '村山 花子', 'キリヤマ リカ', 'saito.naoto@example.com', '2023-12-25 13:24:38', '$2y$12$bDou8ahYZPvubk0lwWyvUOVlRyOXhUOXYGHQN8o8wsBru/mLCk5dW', '4734019', '3052039  山口県大垣市北区高橋町近藤9-2-4 ハイツ若松106号', '05-3288-3507', NULL, NULL, '2DkEAQvFDq', '2023-12-25 13:24:39', '2023-12-25 13:24:39', NULL, NULL, NULL, NULL),
(33, '高橋 裕美子', 'ニシノソノ アケミ', 'naoko06@example.com', '2023-12-25 13:24:38', '$2y$12$bDou8ahYZPvubk0lwWyvUOVlRyOXhUOXYGHQN8o8wsBru/mLCk5dW', '7534263', '5759707  島根県大垣市東区吉田町加藤5-2-4', '0632-40-2276', NULL, NULL, 'bbYjSWtqC3', '2023-12-25 13:24:39', '2023-12-25 13:24:39', NULL, NULL, NULL, NULL),
(34, '吉田 直人', 'ニシノソノ リョウヘイ', 'xidaka@example.com', '2023-12-25 13:24:38', '$2y$12$bDou8ahYZPvubk0lwWyvUOVlRyOXhUOXYGHQN8o8wsBru/mLCk5dW', '2441130', '2505364  静岡県鈴木市南区坂本町山岸1-4-4 コーポ笹田106号', '098-213-2428', NULL, NULL, 'QKaWHfXUD0', '2023-12-25 13:24:39', '2023-12-25 13:24:39', NULL, NULL, NULL, NULL),
(35, '山口 直樹', 'スズキ ユイ', 'naoki82@example.org', '2023-12-25 13:24:38', '$2y$12$bDou8ahYZPvubk0lwWyvUOVlRyOXhUOXYGHQN8o8wsBru/mLCk5dW', '7302707', '9556296  兵庫県津田市中央区山本町喜嶋9-3-9 コーポ加納107号', '080-8805-1936', NULL, NULL, 'Cb13jrxG5Y', '2023-12-25 13:24:39', '2023-12-25 13:24:39', NULL, NULL, NULL, NULL),
(36, '津田 真綾', 'コンドウ アキラ', 'zkobayashi@example.org', '2023-12-25 13:24:38', '$2y$12$bDou8ahYZPvubk0lwWyvUOVlRyOXhUOXYGHQN8o8wsBru/mLCk5dW', '5347537', '3488388  奈良県渡辺市北区中津川町浜田8-6-3', '0969-07-0604', NULL, NULL, 'Y64hOpT4Ec', '2023-12-25 13:24:39', '2023-12-25 13:24:39', NULL, NULL, NULL, NULL),
(37, '青山 英樹', 'マツモト シュウヘイ', 'naoko76@example.net', '2023-12-25 13:24:38', '$2y$12$bDou8ahYZPvubk0lwWyvUOVlRyOXhUOXYGHQN8o8wsBru/mLCk5dW', '6832287', '6781464  京都府高橋市東区山田町山口4-5-4', '080-0118-9335', NULL, NULL, 'VPJVd742kg', '2023-12-25 13:24:39', '2023-12-25 13:24:39', NULL, NULL, NULL, NULL),
(38, '工藤 淳', 'サカモト レイ', 'taro.sasaki@example.net', '2023-12-25 13:24:38', '$2y$12$bDou8ahYZPvubk0lwWyvUOVlRyOXhUOXYGHQN8o8wsBru/mLCk5dW', '2474118', '5893749  北海道笹田市北区中村町小泉7-10-4 ハイツ笹田101号', '090-3388-5266', NULL, NULL, 'oHeqaqwarA', '2023-12-25 13:24:39', '2023-12-25 13:24:39', NULL, NULL, NULL, NULL),
(39, '吉本 七夏', 'タカハシ ヒデキ', 'youichi.yoshimoto@example.net', '2023-12-25 13:24:38', '$2y$12$bDou8ahYZPvubk0lwWyvUOVlRyOXhUOXYGHQN8o8wsBru/mLCk5dW', '4281403', '7627823  福井県松本市西区中村町原田1-2-5 コーポ大垣109号', '02-6889-0403', NULL, NULL, 'LArSX6U2NN', '2023-12-25 13:24:39', '2023-12-25 13:24:39', NULL, NULL, NULL, NULL),
(40, '工藤 結衣', 'ヨシモト ハナコ', 'akira30@example.com', '2023-12-25 13:24:38', '$2y$12$bDou8ahYZPvubk0lwWyvUOVlRyOXhUOXYGHQN8o8wsBru/mLCk5dW', '6004138', '8093563  岩手県工藤市西区加納町小泉6-4-5', '0940-831-248', NULL, NULL, 'wDx1kPE6JP', '2023-12-25 13:24:39', '2023-12-25 13:24:39', NULL, NULL, NULL, NULL),
(41, '坂本 健一', 'サトウ ハルカ', 'hamada.manabu@example.org', '2023-12-25 13:24:38', '$2y$12$bDou8ahYZPvubk0lwWyvUOVlRyOXhUOXYGHQN8o8wsBru/mLCk5dW', '8628049', '4008005  千葉県高橋市北区大垣町山岸9-10-10 コーポ青山107号', '03065-1-2958', NULL, NULL, 'Wj40EEdZV0', '2023-12-25 13:24:39', '2023-12-25 13:24:39', NULL, NULL, NULL, NULL),
(42, '中村 香織', 'ナカムラ タロウ', 'ryohei39@example.com', '2023-12-25 13:24:38', '$2y$12$bDou8ahYZPvubk0lwWyvUOVlRyOXhUOXYGHQN8o8wsBru/mLCk5dW', '3382928', '6858013  大阪府渚市中央区石田町加納5-10-6 ハイツ坂本109号', '080-7949-8778', NULL, NULL, '8ypNi0d2SK', '2023-12-25 13:24:39', '2023-12-25 13:24:39', NULL, NULL, NULL, NULL),
(43, '山本 学', 'ヒロカワ ナオコ', 'yui79@example.org', '2023-12-25 13:24:38', '$2y$12$bDou8ahYZPvubk0lwWyvUOVlRyOXhUOXYGHQN8o8wsBru/mLCk5dW', '8633758', '5996157  岩手県宇野市北区宮沢町江古田9-7-10', '0312-65-2059', NULL, NULL, 'ik80pGArtp', '2023-12-25 13:24:39', '2023-12-25 13:24:39', NULL, NULL, NULL, NULL),
(44, '石田 和也', 'コンドウ アツシ', 'rika.yamamoto@example.org', '2023-12-25 13:24:38', '$2y$12$bDou8ahYZPvubk0lwWyvUOVlRyOXhUOXYGHQN8o8wsBru/mLCk5dW', '8128194', '2108693  茨城県渡辺市北区野村町青田5-2-1 ハイツ津田107号', '093-416-9329', NULL, NULL, 'Qd12BT2tvc', '2023-12-25 13:24:39', '2023-12-25 13:24:39', NULL, NULL, NULL, NULL),
(45, '山本 明美', 'ヤマギシ ショウタ', 'miki57@example.com', '2023-12-25 13:24:38', '$2y$12$bDou8ahYZPvubk0lwWyvUOVlRyOXhUOXYGHQN8o8wsBru/mLCk5dW', '5669142', '7028242  熊本県桐山市北区笹田町工藤7-10-8 ハイツ松本110号', '052-700-3511', NULL, NULL, 'HucwPnu3ug', '2023-12-25 13:24:39', '2023-12-25 13:24:39', NULL, NULL, NULL, NULL),
(46, '加納 太郎', 'オオガキ ケンイチ', 'hamada.satomi@example.com', '2023-12-25 13:24:38', '$2y$12$bDou8ahYZPvubk0lwWyvUOVlRyOXhUOXYGHQN8o8wsBru/mLCk5dW', '5358876', '7055958  青森県木村市南区加納町伊藤10-7-4', '090-5523-3279', NULL, NULL, 'WCEThx5Z4X', '2023-12-25 13:24:39', '2023-12-25 13:24:39', NULL, NULL, NULL, NULL),
(47, '吉田 稔', 'タカハシ リョウヘイ', 'snakatsugawa@example.com', '2023-12-25 13:24:38', '$2y$12$bDou8ahYZPvubk0lwWyvUOVlRyOXhUOXYGHQN8o8wsBru/mLCk5dW', '1316090', '8686080  長野県加藤市東区津田町鈴木5-2-4', '018-607-8439', NULL, NULL, 'GTUtpI77gk', '2023-12-25 13:24:39', '2023-12-25 13:24:39', NULL, NULL, NULL, NULL),
(48, '村山 くみ子', 'ヨシモト ソウタロウ', 'sayuri.yamada@example.org', '2023-12-25 13:24:38', '$2y$12$bDou8ahYZPvubk0lwWyvUOVlRyOXhUOXYGHQN8o8wsBru/mLCk5dW', '7223829', '5949462  大阪府原田市北区杉山町田辺3-9-3', '018-745-4617', NULL, NULL, 'j6FB5pDTSR', '2023-12-25 13:24:39', '2023-12-25 13:24:39', NULL, NULL, NULL, NULL),
(49, '渡辺 康弘', 'ササキ クミコ', 'hkobayashi@example.net', '2023-12-25 13:24:38', '$2y$12$bDou8ahYZPvubk0lwWyvUOVlRyOXhUOXYGHQN8o8wsBru/mLCk5dW', '5444606', '3994173  秋田県小林市南区加納町喜嶋5-8-2 コーポ近藤103号', '0404-16-6692', NULL, NULL, '5j0iPFfoL2', '2023-12-25 13:24:39', '2023-12-25 13:24:39', NULL, NULL, NULL, NULL),
(50, '宮沢 淳', 'クドウ ナナミ', 'bkiriyama@example.net', '2023-12-25 13:24:38', '$2y$12$bDou8ahYZPvubk0lwWyvUOVlRyOXhUOXYGHQN8o8wsBru/mLCk5dW', '4142041', '3033520  大阪府工藤市東区木村町村山10-7-3', '090-2246-8525', NULL, NULL, 'peJAEr0dmN', '2023-12-25 13:24:39', '2023-12-25 13:24:39', NULL, NULL, NULL, NULL),
(51, '桐山 充', 'スギヤマ ミカコ', 'yamagishi.yumiko@example.net', '2023-12-25 13:24:38', '$2y$12$bDou8ahYZPvubk0lwWyvUOVlRyOXhUOXYGHQN8o8wsBru/mLCk5dW', '9728526', '7192272  佐賀県村山市西区喜嶋町喜嶋3-4-1 ハイツ渡辺102号', '0970-815-596', NULL, NULL, 'X5UwBx45Qd', '2023-12-25 13:24:39', '2023-12-25 13:24:39', NULL, NULL, NULL, NULL),
(52, '渡辺 智也', 'キジマ リョウヘイ', 'nkoizumi@example.net', '2023-12-25 13:24:38', '$2y$12$bDou8ahYZPvubk0lwWyvUOVlRyOXhUOXYGHQN8o8wsBru/mLCk5dW', '3707711', '2253791  大阪府笹田市西区山岸町山岸8-8-1 ハイツ坂本110号', '07597-6-1079', NULL, NULL, 'z03fnLcdbB', '2023-12-25 13:24:39', '2023-12-25 13:24:39', NULL, NULL, NULL, NULL),
(53, '佐々木 健一', 'カノウ ユミコ', 'emurayama@example.org', '2023-12-25 13:24:38', '$2y$12$bDou8ahYZPvubk0lwWyvUOVlRyOXhUOXYGHQN8o8wsBru/mLCk5dW', '5872920', '6322883  沖縄県伊藤市中央区江古田町青山3-8-1', '0060-867-533', NULL, NULL, 'cWDQ2VdTiw', '2023-12-25 13:24:39', '2023-12-25 13:24:39', NULL, NULL, NULL, NULL),
(54, '青田 里佳', 'タナベ リカ', 'pidaka@example.com', '2023-12-25 13:24:38', '$2y$12$bDou8ahYZPvubk0lwWyvUOVlRyOXhUOXYGHQN8o8wsBru/mLCk5dW', '4562179', '5691736  富山県坂本市東区小泉町渚3-7-5 コーポ青田104号', '09-5982-0064', NULL, NULL, 'jnvBqwAve7', '2023-12-25 13:24:39', '2023-12-25 13:24:39', NULL, NULL, NULL, NULL),
(55, '大垣 加奈', 'ノムラ ユミコ', 'takahashi.kana@example.org', '2023-12-25 13:24:38', '$2y$12$bDou8ahYZPvubk0lwWyvUOVlRyOXhUOXYGHQN8o8wsBru/mLCk5dW', '6262859', '9128217  岐阜県杉山市東区藤本町青山6-1-7', '05-7341-8130', NULL, NULL, 'Vgaxz6ygsk', '2023-12-25 13:24:39', '2023-12-25 13:24:39', NULL, NULL, NULL, NULL),
(56, '山本 直人', 'コンドウ レイ', 'nkoizumi@example.org', '2023-12-25 13:24:38', '$2y$12$bDou8ahYZPvubk0lwWyvUOVlRyOXhUOXYGHQN8o8wsBru/mLCk5dW', '6672237', '2776043  新潟県山本市西区野村町渡辺10-3-7 コーポ廣川109号', '080-3081-9150', NULL, NULL, 'vqcAtbTjzg', '2023-12-25 13:24:39', '2023-12-25 13:24:39', NULL, NULL, NULL, NULL),
(57, '桐山 美加子', 'コンドウ ショウタ', 'omiyake@example.org', '2023-12-25 13:24:38', '$2y$12$bDou8ahYZPvubk0lwWyvUOVlRyOXhUOXYGHQN8o8wsBru/mLCk5dW', '7581170', '3134847  秋田県宮沢市南区加藤町井上5-9-7 ハイツ石田102号', '068-438-9051', NULL, NULL, 'UL8gAFouKb', '2023-12-25 13:24:39', '2023-12-25 13:24:39', NULL, NULL, NULL, NULL),
(58, '渚 涼平', 'ヨシダ アキラ', 'taichi.yoshida@example.com', '2023-12-25 13:24:38', '$2y$12$bDou8ahYZPvubk0lwWyvUOVlRyOXhUOXYGHQN8o8wsBru/mLCk5dW', '6342110', '1649186  新潟県渡辺市北区藤本町中村7-7-9', '090-0802-9968', NULL, NULL, '99NfqSryKd', '2023-12-25 13:24:39', '2023-12-25 13:24:39', NULL, NULL, NULL, NULL),
(59, '吉本 桃子', 'カノウ カナ', 'xnakatsugawa@example.com', '2023-12-25 13:24:38', '$2y$12$bDou8ahYZPvubk0lwWyvUOVlRyOXhUOXYGHQN8o8wsBru/mLCk5dW', '4867389', '2707008  徳島県宮沢市北区工藤町中島4-4-3', '080-2361-9971', NULL, NULL, 'jun4dV64iB', '2023-12-25 13:24:39', '2023-12-25 13:24:39', NULL, NULL, NULL, NULL),
(60, '宇野 里佳', 'イシダ ヨウスケ', 'nanami18@example.com', '2023-12-25 13:24:38', '$2y$12$bDou8ahYZPvubk0lwWyvUOVlRyOXhUOXYGHQN8o8wsBru/mLCk5dW', '6964562', '9889827  兵庫県渡辺市東区山本町山田6-7-4 コーポ松本102号', '080-0856-8168', NULL, NULL, 'fbeCDYioPe', '2023-12-25 13:24:39', '2023-12-25 13:24:39', NULL, NULL, NULL, NULL),
(61, '井高 学', 'キリヤマ サトミ', 'koizumi.nanami@example.org', '2023-12-25 13:24:38', '$2y$12$bDou8ahYZPvubk0lwWyvUOVlRyOXhUOXYGHQN8o8wsBru/mLCk5dW', '8328831', '1676803  福島県野村市北区藤本町青田9-5-7 コーポ佐々木103号', '0659-58-7288', NULL, NULL, 'AgcYq1D41V', '2023-12-25 13:24:39', '2023-12-25 13:24:39', NULL, NULL, NULL, NULL),
(62, '佐藤 千代', 'ウノ リカ', 'dsaito@example.com', '2023-12-25 13:24:38', '$2y$12$bDou8ahYZPvubk0lwWyvUOVlRyOXhUOXYGHQN8o8wsBru/mLCk5dW', '6019457', '9435574  岐阜県山口市中央区鈴木町渚1-6-1 コーポ石田107号', '089-326-9054', NULL, NULL, 'UcywE86jUT', '2023-12-25 13:24:39', '2023-12-25 13:24:39', NULL, NULL, NULL, NULL),
(63, '西之園 幹', 'アオタ サトミ', 'ryosuke.tanabe@example.com', '2023-12-25 13:24:38', '$2y$12$bDou8ahYZPvubk0lwWyvUOVlRyOXhUOXYGHQN8o8wsBru/mLCk5dW', '8982401', '7028568  宮城県中津川市南区小泉町佐々木6-7-1', '090-2639-6592', NULL, NULL, 'JSFLNSYiUK', '2023-12-25 13:24:39', '2023-12-25 13:24:39', NULL, NULL, NULL, NULL),
(64, '加藤 真綾', 'ミヤザワ ユイ', 'sekoda@example.com', '2023-12-25 13:24:38', '$2y$12$bDou8ahYZPvubk0lwWyvUOVlRyOXhUOXYGHQN8o8wsBru/mLCk5dW', '4573958', '2646901  山口県山田市北区鈴木町笹田4-7-3 ハイツ吉本101号', '080-5386-0251', NULL, NULL, '0KTjPPhged', '2023-12-25 13:24:39', '2023-12-25 13:24:39', NULL, NULL, NULL, NULL),
(65, '桐山 加奈', 'キジマ レイ', 'ykijima@example.org', '2023-12-25 13:24:38', '$2y$12$bDou8ahYZPvubk0lwWyvUOVlRyOXhUOXYGHQN8o8wsBru/mLCk5dW', '8988259', '4919625  大分県杉山市中央区野村町中島6-6-9', '0447-46-3696', NULL, NULL, 'Cxbc1ZvYdz', '2023-12-25 13:24:39', '2023-12-25 13:24:39', NULL, NULL, NULL, NULL),
(66, '藤本 浩', 'ハマダ ハナコ', 'hideki.idaka@example.com', '2023-12-25 13:24:38', '$2y$12$bDou8ahYZPvubk0lwWyvUOVlRyOXhUOXYGHQN8o8wsBru/mLCk5dW', '7499688', '6672920  岐阜県渡辺市中央区斉藤町佐々木4-5-1 ハイツ山田110号', '0410-718-728', NULL, NULL, 'nVbK8mrnwT', '2023-12-25 13:24:39', '2023-12-25 13:24:39', NULL, NULL, NULL, NULL),
(67, '山本 治', 'エコダ アツシ', 'soutaro36@example.org', '2023-12-25 13:24:38', '$2y$12$bDou8ahYZPvubk0lwWyvUOVlRyOXhUOXYGHQN8o8wsBru/mLCk5dW', '3981943', '9734757  新潟県石田市西区佐藤町松本4-9-6', '0220-672-079', NULL, NULL, '9eDE3nmLdF', '2023-12-25 13:24:39', '2023-12-25 13:24:39', NULL, NULL, NULL, NULL),
(68, '若松 舞', 'ハマダ ナオキ', 'mikako.yoshimoto@example.org', '2023-12-25 13:24:38', '$2y$12$bDou8ahYZPvubk0lwWyvUOVlRyOXhUOXYGHQN8o8wsBru/mLCk5dW', '9864045', '2441632  島根県中島市西区山本町中津川7-9-5', '09934-8-8766', NULL, NULL, 'lOhGJ1QlXb', '2023-12-25 13:24:39', '2023-12-25 13:24:39', NULL, NULL, NULL, NULL),
(69, '吉本 幹', 'アオタ シュウヘイ', 'jnakatsugawa@example.com', '2023-12-25 13:24:38', '$2y$12$bDou8ahYZPvubk0lwWyvUOVlRyOXhUOXYGHQN8o8wsBru/mLCk5dW', '3766583', '3258655  愛知県高橋市西区木村町中村9-8-5', '0790-08-5613', NULL, NULL, 'hr7cYvhgnr', '2023-12-25 13:24:39', '2023-12-25 13:24:39', NULL, NULL, NULL, NULL),
(70, '佐々木 晃', 'スズキ ナオト', 'sakamoto.maaya@example.org', '2023-12-25 13:24:38', '$2y$12$bDou8ahYZPvubk0lwWyvUOVlRyOXhUOXYGHQN8o8wsBru/mLCk5dW', '9389661', '1064847  和歌山県小泉市中央区田辺町木村1-3-2 ハイツ加藤109号', '0102-36-0017', NULL, NULL, 'GvTXMS1gPM', '2023-12-25 13:24:39', '2023-12-25 13:24:39', NULL, NULL, NULL, NULL),
(71, '山本 治', 'ノムラ クミコ', 'rika63@example.com', '2023-12-25 13:24:38', '$2y$12$bDou8ahYZPvubk0lwWyvUOVlRyOXhUOXYGHQN8o8wsBru/mLCk5dW', '6125220', '1925006  滋賀県加藤市南区田中町伊藤7-8-5 コーポ村山101号', '080-5004-4825', NULL, NULL, 'Canb5foyTS', '2023-12-25 13:24:39', '2023-12-25 13:24:39', NULL, NULL, NULL, NULL),
(72, '笹田 学', 'イトウ ナオト', 'shota.kudo@example.com', '2023-12-25 13:24:38', '$2y$12$bDou8ahYZPvubk0lwWyvUOVlRyOXhUOXYGHQN8o8wsBru/mLCk5dW', '1046303', '5807273  徳島県石田市南区高橋町青山10-4-8', '0679-84-3168', NULL, NULL, 'yYK1HWPdvz', '2023-12-25 13:24:39', '2023-12-25 13:24:39', NULL, NULL, NULL, NULL),
(73, '若松 太郎', 'フジモト ソウタロウ', 'yoshimoto.miki@example.com', '2023-12-25 13:24:38', '$2y$12$bDou8ahYZPvubk0lwWyvUOVlRyOXhUOXYGHQN8o8wsBru/mLCk5dW', '4468547', '6251864  長崎県田辺市南区田中町佐々木6-2-2', '0130-392-644', NULL, NULL, 'sDAGq37EJB', '2023-12-25 13:24:39', '2023-12-25 13:24:39', NULL, NULL, NULL, NULL),
(74, '渡辺 翔太', 'イトウ ジュン', 'satomi.yoshimoto@example.com', '2023-12-25 13:24:38', '$2y$12$bDou8ahYZPvubk0lwWyvUOVlRyOXhUOXYGHQN8o8wsBru/mLCk5dW', '7439809', '1303153  東京都村山市南区田中町加藤8-7-7 ハイツ野村103号', '00-1777-3202', NULL, NULL, 'SfRbgFBKBM', '2023-12-25 13:24:39', '2023-12-25 13:24:39', NULL, NULL, NULL, NULL),
(75, '山岸 桃子', 'コイズミ タロウ', 'pito@example.org', '2023-12-25 13:24:38', '$2y$12$bDou8ahYZPvubk0lwWyvUOVlRyOXhUOXYGHQN8o8wsBru/mLCk5dW', '6837247', '2792417  群馬県斉藤市中央区宮沢町宮沢1-10-9 ハイツ伊藤102号', '08-9952-6576', NULL, NULL, 'HwMNPsHnhs', '2023-12-25 13:24:39', '2023-12-25 13:24:39', NULL, NULL, NULL, NULL),
(76, '杉山 康弘', 'ヤマギシ ヒロシ', 'miyazawa.osamu@example.org', '2023-12-25 13:24:38', '$2y$12$bDou8ahYZPvubk0lwWyvUOVlRyOXhUOXYGHQN8o8wsBru/mLCk5dW', '4488529', '1553812  北海道渚市東区三宅町津田1-7-10 ハイツ山田110号', '090-3806-5029', NULL, NULL, '5ma2FVbDaJ', '2023-12-25 13:24:39', '2023-12-25 13:24:39', NULL, NULL, NULL, NULL),
(77, '高橋 あすか', 'ニシノソノ ユウタ', 'mkudo@example.com', '2023-12-25 13:24:38', '$2y$12$bDou8ahYZPvubk0lwWyvUOVlRyOXhUOXYGHQN8o8wsBru/mLCk5dW', '8505113', '8301191  大分県田中市南区若松町大垣6-8-1', '0880-082-245', NULL, NULL, 'rcuFQ6YTfw', '2023-12-25 13:24:39', '2023-12-25 13:24:39', NULL, NULL, NULL, NULL),
(78, '石田 知実', 'カノウ ヨウコ', 'hiroshi43@example.net', '2023-12-25 13:24:38', '$2y$12$bDou8ahYZPvubk0lwWyvUOVlRyOXhUOXYGHQN8o8wsBru/mLCk5dW', '2194578', '7594529  鳥取県斉藤市北区村山町津田4-9-2', '02-0371-0693', NULL, NULL, 'FLzoqKuPAF', '2023-12-25 13:24:39', '2023-12-25 13:24:39', NULL, NULL, NULL, NULL),
(79, '小林 陽一', 'ミヤザワ ユウキ', 'jun.takahashi@example.net', '2023-12-25 13:24:38', '$2y$12$bDou8ahYZPvubk0lwWyvUOVlRyOXhUOXYGHQN8o8wsBru/mLCk5dW', '8424419', '7877144  鳥取県青田市中央区中津川町笹田7-6-8 ハイツ桐山106号', '082-261-4629', NULL, NULL, 'PENm0SsM6f', '2023-12-25 13:24:39', '2023-12-25 13:24:39', NULL, NULL, NULL, NULL),
(80, '工藤 幹', 'カノウ ヨウコ', 'matsumoto.nanami@example.org', '2023-12-25 13:24:38', '$2y$12$bDou8ahYZPvubk0lwWyvUOVlRyOXhUOXYGHQN8o8wsBru/mLCk5dW', '6321998', '2432876  埼玉県山本市南区桐山町中島8-5-4 ハイツ佐藤101号', '0338-20-4119', NULL, NULL, 'owycv7LjjF', '2023-12-25 13:24:39', '2023-12-25 13:24:39', NULL, NULL, NULL, NULL),
(81, '井上 陽一', 'イトウ ツバサ', 'snakamura@example.org', '2023-12-25 13:24:38', '$2y$12$bDou8ahYZPvubk0lwWyvUOVlRyOXhUOXYGHQN8o8wsBru/mLCk5dW', '9296359', '1354097  山形県小泉市中央区小泉町加納7-2-7 コーポ三宅104号', '090-5924-5104', NULL, NULL, 'blEruw9xSP', '2023-12-25 13:24:39', '2023-12-25 13:24:39', NULL, NULL, NULL, NULL),
(82, '渡辺 聡太郎', 'ササキ タクマ', 'lyamamoto@example.net', '2023-12-25 13:24:38', '$2y$12$bDou8ahYZPvubk0lwWyvUOVlRyOXhUOXYGHQN8o8wsBru/mLCk5dW', '9803312', '2521308  山梨県佐藤市南区中島町石田7-8-2', '03004-8-8655', NULL, NULL, 'YicBOpeHfX', '2023-12-25 13:24:39', '2023-12-25 13:24:39', NULL, NULL, NULL, NULL),
(83, '西之園 香織', 'ナカジマ ヨウイチ', 'kanou.hiroshi@example.com', '2023-12-25 13:24:38', '$2y$12$bDou8ahYZPvubk0lwWyvUOVlRyOXhUOXYGHQN8o8wsBru/mLCk5dW', '4845464', '9422849  鳥取県渡辺市北区田中町山本1-4-2 コーポ原田103号', '0215-85-5178', NULL, NULL, 'c7aZClg2qY', '2023-12-25 13:24:39', '2023-12-25 13:24:39', NULL, NULL, NULL, NULL),
(84, '宇野 健一', 'スズキ ユウキ', 'minoru33@example.org', '2023-12-25 13:24:38', '$2y$12$bDou8ahYZPvubk0lwWyvUOVlRyOXhUOXYGHQN8o8wsBru/mLCk5dW', '8999825', '4004057  沖縄県大垣市南区渡辺町山田10-6-9', '0650-408-850', NULL, NULL, 'G2dn9ABnHg', '2023-12-25 13:24:39', '2023-12-25 13:24:39', NULL, NULL, NULL, NULL),
(85, '高橋 太一', 'カノウ シュウヘイ', 'tmurayama@example.net', '2023-12-25 13:24:38', '$2y$12$bDou8ahYZPvubk0lwWyvUOVlRyOXhUOXYGHQN8o8wsBru/mLCk5dW', '6064843', '3343798  山形県三宅市北区笹田町鈴木3-9-4 ハイツ鈴木107号', '0958-43-9249', NULL, NULL, 'UnIwzBXz1F', '2023-12-25 13:24:39', '2023-12-25 13:24:39', NULL, NULL, NULL, NULL),
(86, '野村 くみ子', 'ナギサ ヨウスケ', 'takahashi.mai@example.net', '2023-12-25 13:24:38', '$2y$12$bDou8ahYZPvubk0lwWyvUOVlRyOXhUOXYGHQN8o8wsBru/mLCk5dW', '8718074', '8596807  三重県宇野市中央区松本町青山7-4-3', '079-982-8196', NULL, NULL, '2QDvgbcsrq', '2023-12-25 13:24:39', '2023-12-25 13:24:39', NULL, NULL, NULL, NULL),
(87, '佐々木 里佳', 'ワタナベ ツバサ', 'sayuri.kimura@example.org', '2023-12-25 13:24:38', '$2y$12$bDou8ahYZPvubk0lwWyvUOVlRyOXhUOXYGHQN8o8wsBru/mLCk5dW', '5024138', '6919370  埼玉県中津川市西区井上町井上3-3-1 ハイツ藤本102号', '0730-444-298', NULL, NULL, 'umisFyetTH', '2023-12-25 13:24:39', '2023-12-25 13:24:39', NULL, NULL, NULL, NULL),
(88, '杉山 あすか', 'マツモト リョウスケ', 'snakamura@example.net', '2023-12-25 13:24:38', '$2y$12$bDou8ahYZPvubk0lwWyvUOVlRyOXhUOXYGHQN8o8wsBru/mLCk5dW', '2262853', '6145949  長野県坂本市北区小林町中島3-10-4', '090-9008-2165', NULL, NULL, 'GB30NFokBQ', '2023-12-25 13:24:39', '2023-12-25 13:24:39', NULL, NULL, NULL, NULL),
(89, '加納 陽一', 'スズキ カオリ', 'uno.yosuke@example.org', '2023-12-25 13:24:38', '$2y$12$bDou8ahYZPvubk0lwWyvUOVlRyOXhUOXYGHQN8o8wsBru/mLCk5dW', '4184847', '9234626  大分県佐藤市東区廣川町宮沢4-8-9', '084-069-3254', NULL, NULL, 'Ul1ZrZPeT2', '2023-12-25 13:24:39', '2023-12-25 13:24:39', NULL, NULL, NULL, NULL),
(90, '井高 さゆり', 'ヨシダ ハルカ', 'kana.yoshida@example.org', '2023-12-25 13:24:38', '$2y$12$bDou8ahYZPvubk0lwWyvUOVlRyOXhUOXYGHQN8o8wsBru/mLCk5dW', '2077394', '9022508  高知県喜嶋市東区石田町山口9-6-7', '090-1952-3668', NULL, NULL, 'p4sLEjVm5i', '2023-12-25 13:24:39', '2023-12-25 13:24:39', NULL, NULL, NULL, NULL),
(91, '宇野 桃子', 'キリヤマ シュウヘイ', 'yuta.sugiyama@example.org', '2023-12-25 13:24:38', '$2y$12$bDou8ahYZPvubk0lwWyvUOVlRyOXhUOXYGHQN8o8wsBru/mLCk5dW', '5163238', '9508060  鹿児島県田辺市南区小泉町田辺5-3-6', '080-3878-1441', NULL, NULL, 'mnEHVKzXzn', '2023-12-25 13:24:39', '2023-12-25 13:24:39', NULL, NULL, NULL, NULL),
(92, '浜田 知実', 'イトウ カオリ', 'yoshimoto.taichi@example.org', '2023-12-25 13:24:38', '$2y$12$bDou8ahYZPvubk0lwWyvUOVlRyOXhUOXYGHQN8o8wsBru/mLCk5dW', '2427813', '8416089  栃木県井上市北区小泉町伊藤5-3-7 コーポ桐山110号', '04-9400-6648', NULL, NULL, '3AfygYLhDR', '2023-12-25 13:24:39', '2023-12-25 13:24:39', NULL, NULL, NULL, NULL),
(93, '渚 浩', 'ツダ チヨ', 'suzuki.nanami@example.com', '2023-12-25 13:24:38', '$2y$12$bDou8ahYZPvubk0lwWyvUOVlRyOXhUOXYGHQN8o8wsBru/mLCk5dW', '1953793', '1352342  静岡県田中市西区山口町伊藤10-2-10', '090-9873-6010', NULL, NULL, 'U1k7Ny2WdM', '2023-12-25 13:24:39', '2023-12-25 13:24:39', NULL, NULL, NULL, NULL),
(94, '小泉 直子', 'ヨシダ ミカコ', 'naoto.hamada@example.org', '2023-12-25 13:24:38', '$2y$12$bDou8ahYZPvubk0lwWyvUOVlRyOXhUOXYGHQN8o8wsBru/mLCk5dW', '2227567', '4315350  秋田県小泉市南区中村町山岸5-1-9', '03771-6-5780', NULL, NULL, 'SCOG6rjYiu', '2023-12-25 13:24:39', '2023-12-25 13:24:39', NULL, NULL, NULL, NULL),
(95, '佐藤 明美', 'コンドウ ヒデキ', 'kaori.ito@example.com', '2023-12-25 13:24:38', '$2y$12$bDou8ahYZPvubk0lwWyvUOVlRyOXhUOXYGHQN8o8wsBru/mLCk5dW', '3456508', '7147469  京都府工藤市東区小泉町近藤7-4-6 コーポ村山107号', '06-3573-4571', NULL, NULL, 'uipcNHSTQT', '2023-12-25 13:24:39', '2023-12-25 13:24:39', NULL, NULL, NULL, NULL),
(96, '藤本 桃子', 'ナカジマ リカ', 'yasuhiro.kato@example.org', '2023-12-25 13:24:38', '$2y$12$bDou8ahYZPvubk0lwWyvUOVlRyOXhUOXYGHQN8o8wsBru/mLCk5dW', '4435483', '4595515  高知県野村市北区木村町山田1-8-8', '080-5085-3182', NULL, NULL, 'EWuosPwPBs', '2023-12-25 13:24:39', '2023-12-25 13:24:39', NULL, NULL, NULL, NULL),
(97, '青田 充', 'ハマダ キョウスケ', 'soutaro92@example.net', '2023-12-25 13:24:38', '$2y$12$bDou8ahYZPvubk0lwWyvUOVlRyOXhUOXYGHQN8o8wsBru/mLCk5dW', '2004715', '7077820  石川県津田市東区西之園町加納1-5-5', '090-3447-3552', NULL, NULL, 'nEvMhNvvek', '2023-12-25 13:24:39', '2023-12-25 13:24:39', NULL, NULL, NULL, NULL),
(98, '工藤 くみ子', 'マツモト リョウヘイ', 'kondo.mikako@example.org', '2023-12-25 13:24:38', '$2y$12$bDou8ahYZPvubk0lwWyvUOVlRyOXhUOXYGHQN8o8wsBru/mLCk5dW', '3511448', '2552871  福井県小林市東区山田町西之園9-6-6 コーポ近藤104号', '04107-7-1352', NULL, NULL, 'U3BPlw4uv8', '2023-12-25 13:24:39', '2023-12-25 13:24:39', NULL, NULL, NULL, NULL),
(99, '廣川 真綾', 'エコダ ナナミ', 'momoko58@example.net', '2023-12-25 13:24:38', '$2y$12$bDou8ahYZPvubk0lwWyvUOVlRyOXhUOXYGHQN8o8wsBru/mLCk5dW', '8636204', '7545307  島根県松本市東区杉山町野村5-10-3 ハイツ山本105号', '090-1667-4925', NULL, NULL, 'PNX9WSM4MJ', '2023-12-25 13:24:39', '2023-12-25 13:24:39', NULL, NULL, NULL, NULL),
(100, '木村 裕太', 'コンドウ タロウ', 'kyosuke.nakamura@example.net', '2023-12-25 13:24:38', '$2y$12$bDou8ahYZPvubk0lwWyvUOVlRyOXhUOXYGHQN8o8wsBru/mLCk5dW', '3618543', '6997776  大阪府田中市西区石田町中島5-6-6 ハイツ津田109号', '090-3821-2127', NULL, NULL, 'absVkjZhEq', '2023-12-25 13:24:39', '2023-12-25 13:24:39', NULL, NULL, NULL, NULL),
(101, '吉本 里佳', 'ハラダ アケミ', 'akemi30@example.net', '2023-12-25 13:24:38', '$2y$12$bDou8ahYZPvubk0lwWyvUOVlRyOXhUOXYGHQN8o8wsBru/mLCk5dW', '1936488', '3958740  秋田県斉藤市中央区野村町渡辺1-5-1', '090-3924-9249', NULL, NULL, 'IoZiW2nSH6', '2023-12-25 13:24:39', '2023-12-25 13:24:39', NULL, NULL, NULL, NULL);

--
-- ダンプしたテーブルのインデックス
--

--
-- テーブルのインデックス `admins`
--
ALTER TABLE `admins`
  ADD PRIMARY KEY (`id`),
  ADD UNIQUE KEY `admins_email_unique` (`email`);

--
-- テーブルのインデックス `categories`
--
ALTER TABLE `categories`
  ADD PRIMARY KEY (`id`);

--
-- テーブルのインデックス `category_restaurant`
--
ALTER TABLE `category_restaurant`
  ADD PRIMARY KEY (`id`),
  ADD KEY `category_restaurant_restaurant_id_foreign` (`restaurant_id`),
  ADD KEY `category_restaurant_category_id_foreign` (`category_id`);

--
-- テーブルのインデックス `companies`
--
ALTER TABLE `companies`
  ADD PRIMARY KEY (`id`);

--
-- テーブルのインデックス `failed_jobs`
--
ALTER TABLE `failed_jobs`
  ADD PRIMARY KEY (`id`),
  ADD UNIQUE KEY `failed_jobs_uuid_unique` (`uuid`);

--
-- テーブルのインデックス `migrations`
--
ALTER TABLE `migrations`
  ADD PRIMARY KEY (`id`);

--
-- テーブルのインデックス `password_reset_tokens`
--
ALTER TABLE `password_reset_tokens`
  ADD PRIMARY KEY (`email`);

--
-- テーブルのインデックス `personal_access_tokens`
--
ALTER TABLE `personal_access_tokens`
  ADD PRIMARY KEY (`id`),
  ADD UNIQUE KEY `personal_access_tokens_token_unique` (`token`),
  ADD KEY `personal_access_tokens_tokenable_type_tokenable_id_index` (`tokenable_type`,`tokenable_id`);

--
-- テーブルのインデックス `regular_holidays`
--
ALTER TABLE `regular_holidays`
  ADD PRIMARY KEY (`id`);

--
-- テーブルのインデックス `regular_holiday_restaurant`
--
ALTER TABLE `regular_holiday_restaurant`
  ADD PRIMARY KEY (`id`),
  ADD KEY `regular_holiday_restaurant_restaurant_id_foreign` (`restaurant_id`),
  ADD KEY `regular_holiday_restaurant_regular_holiday_id_foreign` (`regular_holiday_id`);

--
-- テーブルのインデックス `reservations`
--
ALTER TABLE `reservations`
  ADD PRIMARY KEY (`id`),
  ADD KEY `reservations_restaurant_id_foreign` (`restaurant_id`),
  ADD KEY `reservations_user_id_foreign` (`user_id`);

--
-- テーブルのインデックス `restaurants`
--
ALTER TABLE `restaurants`
  ADD PRIMARY KEY (`id`);

--
-- テーブルのインデックス `restaurant_user`
--
ALTER TABLE `restaurant_user`
  ADD PRIMARY KEY (`id`),
  ADD KEY `restaurant_user_restaurant_id_foreign` (`restaurant_id`),
  ADD KEY `restaurant_user_user_id_foreign` (`user_id`);

--
-- テーブルのインデックス `reviews`
--
ALTER TABLE `reviews`
  ADD PRIMARY KEY (`id`),
  ADD KEY `reviews_restaurant_id_foreign` (`restaurant_id`),
  ADD KEY `reviews_user_id_foreign` (`user_id`);

--
-- テーブルのインデックス `subscriptions`
--
ALTER TABLE `subscriptions`
  ADD PRIMARY KEY (`id`),
  ADD UNIQUE KEY `subscriptions_stripe_id_unique` (`stripe_id`),
  ADD KEY `subscriptions_user_id_stripe_status_index` (`user_id`,`stripe_status`);

--
-- テーブルのインデックス `subscription_items`
--
ALTER TABLE `subscription_items`
  ADD PRIMARY KEY (`id`),
  ADD UNIQUE KEY `subscription_items_stripe_id_unique` (`stripe_id`),
  ADD KEY `subscription_items_subscription_id_stripe_price_index` (`subscription_id`,`stripe_price`);

--
-- テーブルのインデックス `terms`
--
ALTER TABLE `terms`
  ADD PRIMARY KEY (`id`);

--
-- テーブルのインデックス `users`
--
ALTER TABLE `users`
  ADD PRIMARY KEY (`id`),
  ADD UNIQUE KEY `users_email_unique` (`email`),
  ADD KEY `users_stripe_id_index` (`stripe_id`);

--
-- ダンプしたテーブルの AUTO_INCREMENT
--

--
-- テーブルの AUTO_INCREMENT `admins`
--
ALTER TABLE `admins`
  MODIFY `id` bigint(20) UNSIGNED NOT NULL AUTO_INCREMENT, AUTO_INCREMENT=5;

--
-- テーブルの AUTO_INCREMENT `categories`
--
ALTER TABLE `categories`
  MODIFY `id` bigint(20) UNSIGNED NOT NULL AUTO_INCREMENT, AUTO_INCREMENT=36;

--
-- テーブルの AUTO_INCREMENT `category_restaurant`
--
ALTER TABLE `category_restaurant`
  MODIFY `id` bigint(20) UNSIGNED NOT NULL AUTO_INCREMENT, AUTO_INCREMENT=108;

--
-- テーブルの AUTO_INCREMENT `companies`
--
ALTER TABLE `companies`
  MODIFY `id` bigint(20) UNSIGNED NOT NULL AUTO_INCREMENT, AUTO_INCREMENT=2;

--
-- テーブルの AUTO_INCREMENT `failed_jobs`
--
ALTER TABLE `failed_jobs`
  MODIFY `id` bigint(20) UNSIGNED NOT NULL AUTO_INCREMENT;

--
-- テーブルの AUTO_INCREMENT `migrations`
--
ALTER TABLE `migrations`
  MODIFY `id` int(10) UNSIGNED NOT NULL AUTO_INCREMENT, AUTO_INCREMENT=19;

--
-- テーブルの AUTO_INCREMENT `personal_access_tokens`
--
ALTER TABLE `personal_access_tokens`
  MODIFY `id` bigint(20) UNSIGNED NOT NULL AUTO_INCREMENT;

--
-- テーブルの AUTO_INCREMENT `regular_holidays`
--
ALTER TABLE `regular_holidays`
  MODIFY `id` bigint(20) UNSIGNED NOT NULL AUTO_INCREMENT, AUTO_INCREMENT=9;

--
-- テーブルの AUTO_INCREMENT `regular_holiday_restaurant`
--
ALTER TABLE `regular_holiday_restaurant`
  MODIFY `id` bigint(20) UNSIGNED NOT NULL AUTO_INCREMENT, AUTO_INCREMENT=148;

--
-- テーブルの AUTO_INCREMENT `reservations`
--
ALTER TABLE `reservations`
  MODIFY `id` bigint(20) UNSIGNED NOT NULL AUTO_INCREMENT, AUTO_INCREMENT=501;

--
-- テーブルの AUTO_INCREMENT `restaurants`
--
ALTER TABLE `restaurants`
  MODIFY `id` bigint(20) UNSIGNED NOT NULL AUTO_INCREMENT, AUTO_INCREMENT=104;

--
-- テーブルの AUTO_INCREMENT `restaurant_user`
--
ALTER TABLE `restaurant_user`
  MODIFY `id` bigint(20) UNSIGNED NOT NULL AUTO_INCREMENT, AUTO_INCREMENT=451;

--
-- テーブルの AUTO_INCREMENT `reviews`
--
ALTER TABLE `reviews`
  MODIFY `id` bigint(20) UNSIGNED NOT NULL AUTO_INCREMENT, AUTO_INCREMENT=501;

--
-- テーブルの AUTO_INCREMENT `subscriptions`
--
ALTER TABLE `subscriptions`
  MODIFY `id` bigint(20) UNSIGNED NOT NULL AUTO_INCREMENT;

--
-- テーブルの AUTO_INCREMENT `subscription_items`
--
ALTER TABLE `subscription_items`
  MODIFY `id` bigint(20) UNSIGNED NOT NULL AUTO_INCREMENT;

--
-- テーブルの AUTO_INCREMENT `terms`
--
ALTER TABLE `terms`
  MODIFY `id` bigint(20) UNSIGNED NOT NULL AUTO_INCREMENT, AUTO_INCREMENT=2;

--
-- テーブルの AUTO_INCREMENT `users`
--
ALTER TABLE `users`
  MODIFY `id` bigint(20) UNSIGNED NOT NULL AUTO_INCREMENT, AUTO_INCREMENT=102;

--
-- ダンプしたテーブルの制約
--

--
-- テーブルの制約 `category_restaurant`
--
ALTER TABLE `category_restaurant`
  ADD CONSTRAINT `category_restaurant_category_id_foreign` FOREIGN KEY (`category_id`) REFERENCES `categories` (`id`) ON DELETE CASCADE,
  ADD CONSTRAINT `category_restaurant_restaurant_id_foreign` FOREIGN KEY (`restaurant_id`) REFERENCES `restaurants` (`id`) ON DELETE CASCADE;

--
-- テーブルの制約 `regular_holiday_restaurant`
--
ALTER TABLE `regular_holiday_restaurant`
  ADD CONSTRAINT `regular_holiday_restaurant_regular_holiday_id_foreign` FOREIGN KEY (`regular_holiday_id`) REFERENCES `regular_holidays` (`id`) ON DELETE CASCADE,
  ADD CONSTRAINT `regular_holiday_restaurant_restaurant_id_foreign` FOREIGN KEY (`restaurant_id`) REFERENCES `restaurants` (`id`) ON DELETE CASCADE;

--
-- テーブルの制約 `reservations`
--
ALTER TABLE `reservations`
  ADD CONSTRAINT `reservations_restaurant_id_foreign` FOREIGN KEY (`restaurant_id`) REFERENCES `restaurants` (`id`) ON DELETE CASCADE,
  ADD CONSTRAINT `reservations_user_id_foreign` FOREIGN KEY (`user_id`) REFERENCES `users` (`id`) ON DELETE CASCADE;

--
-- テーブルの制約 `restaurant_user`
--
ALTER TABLE `restaurant_user`
  ADD CONSTRAINT `restaurant_user_restaurant_id_foreign` FOREIGN KEY (`restaurant_id`) REFERENCES `restaurants` (`id`) ON DELETE CASCADE,
  ADD CONSTRAINT `restaurant_user_user_id_foreign` FOREIGN KEY (`user_id`) REFERENCES `users` (`id`) ON DELETE CASCADE;

--
-- テーブルの制約 `reviews`
--
ALTER TABLE `reviews`
  ADD CONSTRAINT `reviews_restaurant_id_foreign` FOREIGN KEY (`restaurant_id`) REFERENCES `restaurants` (`id`) ON DELETE CASCADE,
  ADD CONSTRAINT `reviews_user_id_foreign` FOREIGN KEY (`user_id`) REFERENCES `users` (`id`) ON DELETE CASCADE;
COMMIT;

/*!40101 SET CHARACTER_SET_CLIENT=@OLD_CHARACTER_SET_CLIENT */;
/*!40101 SET CHARACTER_SET_RESULTS=@OLD_CHARACTER_SET_RESULTS */;
/*!40101 SET COLLATION_CONNECTION=@OLD_COLLATION_CONNECTION */;
